prob_class_0,prob_class_1,prob_class_2,prob_class_3,prob_class_4,prob_class_5,prob_class_6,prob_class_7,prob_class_8,prob_class_9,prob_class_10,prob_class_11,prob_class_12,prob_class_13,prob_class_14,prob_class_15,prob_class_16,prob_class_17,prob_class_18,true_label
0.00030846248,0.0042825695,0.042000484,0.00019698756,0.00027159095,0.00015225852,0.00018506557,0.0001981516,0.0002296804,0.00020082586,0.9503403,0.00020330964,0.00023521413,0.00021260124,0.00027389263,0.00022246745,0.00018528895,0.00018598826,0.00011490708,10
0.0021011424,0.00022174513,0.0010437588,0.0013992608,0.0010353015,0.003380131,0.9797006,0.000715729,0.0008820652,0.0009858371,0.0015491596,0.0026754572,0.00089663354,0.00031693777,0.00039490103,0.0008480429,0.0007063194,0.0007089851,0.00043802446,6
0.0022427677,0.0006371402,0.0033288414,0.0013434814,0.0010360908,0.0013323324,0.0022227967,0.0011245179,0.0008762057,0.00037903414,0.0012287995,0.0019157402,0.00089731626,0.0029332493,0.0012760503,0.000848689,0.975229,0.00070952525,0.0004383582,16
0.00018300625,0.9958365,0.001111268,0.0007564405,0.0001516835,0.00051622506,0.000103359096,8.8469205e-05,0.00013089823,9.791873e-05,0.0002610083,0.0001135484,0.00013136693,6.176228e-05,6.0706654e-05,0.00012424792,0.00010348376,0.00010387442,6.417559e-05,1
0.00044366784,0.0021984295,0.00025095325,0.0003765396,0.96915954,0.00016930932,0.00029236707,0.0025775356,0.00031044468,0.018887658,0.00040505434,0.0010570566,0.0025170674,7.9063684e-05,0.00016316577,0.0002946728,0.00024542742,0.00024635368,0.00032562882,4
0.00021264018,0.00018429362,0.0012389898,0.00021806033,0.9938095,0.0002798015,0.00025136652,0.00023485595,0.00032071382,0.00062512193,0.00044621777,0.00027614666,0.00031948084,0.00021573412,0.0001937474,0.0003021676,0.00028465228,0.00025261953,0.00033391098,4
0.026955752,0.005491633,0.0013863033,0.0005792148,0.00036537796,0.00025567744,0.00029694906,0.00021310619,0.00031531,0.00015611581,0.96205956,0.00027351742,0.00031643934,0.00012370924,0.00017166289,0.0002992906,0.00024927378,0.0002502146,0.00024086019,10
0.0111900065,0.0062750312,0.0044342782,0.0057540606,0.0056882165,0.0026771196,0.0038760258,0.0038219173,0.004908757,0.013552013,0.006404724,0.004258129,0.004926339,0.054456547,0.85293484,0.004659369,0.0038807031,0.003895349,0.0024066207,14
0.0005436256,0.0029887522,0.0013149708,0.00089799013,0.00096937804,0.005352317,0.0024804128,0.9730354,0.0044931485,0.0007798106,0.0010914837,0.0007256645,0.00088523194,0.0007295002,0.0007848998,0.0007940429,0.0010593819,0.00066383975,0.00041013284,7
0.0021661713,0.0008295951,0.00061142043,0.0017158892,0.0010346982,0.0033781612,0.9791296,0.0007153119,0.0008815511,0.00073803944,0.0015482568,0.0026738981,0.000896111,0.0005868382,0.00039467087,0.00084754865,0.00070590776,0.00070857187,0.00043776917,6
0.00044737358,0.02792564,0.95259017,0.0006638317,0.00091523986,0.0007527638,0.0006236562,0.0072832527,0.0007898236,0.0010032378,0.001465971,0.00068513723,0.00079265214,0.00047954608,0.00081785803,0.0007496968,0.0010002169,0.0006267653,0.0003872275,2
0.0030741668,0.0032359129,0.0013111535,0.00080211717,0.0009787489,0.0064559244,0.0013390835,0.0006231264,0.0008509265,0.00023907263,0.0011020354,0.97564054,0.0008476556,0.00057239155,0.00037332982,0.00080171914,0.00066773716,0.00067025726,0.00041409768,11
0.9760292,0.007769225,0.0060439515,0.000901062,0.00078833965,0.00037102652,0.00053718477,0.0005751687,0.0006666864,0.0008678487,0.000829232,0.0005901413,0.00068274897,0.00040058218,0.0007044601,0.00064574956,0.00053783273,0.0005398628,0.0005196801,0
0.0008196701,0.0011936815,0.00016675191,0.00036119646,0.0002910058,0.00062550843,0.0001982951,0.00018527062,0.0013488362,0.000580637,0.0005007464,0.00021784335,0.00025202835,0.9743618,0.017385421,0.00023837047,0.00019853428,0.00019928376,0.0008751468,13
5.5027234e-05,0.00010473401,0.00019047242,8.8767076e-05,0.00012238517,9.282849e-05,8.3394836e-05,8.9760426e-05,0.0005672655,0.00035865535,0.00019602843,9.161603e-05,0.00010599284,0.9769121,0.020294465,0.00010024889,9.443791e-05,8.381062e-05,0.00036805106,13
0.0006230169,0.7810341,0.19828282,0.0012913636,0.0017804315,0.0006713254,0.0012132089,0.0010384342,0.0015364578,0.00075258623,0.0028517782,0.001332809,0.0015419603,0.0007249536,0.0006791199,0.0014583978,0.0012146728,0.0012192577,0.0007532806,2
0.00021385409,0.9928954,0.0036182771,0.00079208624,0.0001588312,0.00054055115,0.000108229724,0.00010671876,0.00013706647,0.0001675125,0.0002733079,0.00011889908,0.0001375574,0.00015418029,0.00014892108,0.00013010278,0.00012256144,0.000108769236,6.7199704e-05,1
9.1749425e-05,0.99890804,0.00016740561,0.00015336546,4.7243062e-05,0.00021643782,3.219203e-05,2.992049e-05,3.9952753e-05,3.1829913e-05,5.338591e-05,3.5365574e-05,4.0915344e-05,1.0069512e-05,1.8907598e-05,3.8698065e-05,3.223089e-05,3.2352535e-05,1.998801e-05,1
0.00018777768,0.0005510783,0.00019557471,0.00026779863,0.99469817,0.00037699234,0.0002515913,0.00023506596,0.0003210006,0.00042025463,0.00044661676,0.00027639358,0.00031976652,0.000116549345,0.00019392066,0.00030243778,0.00025189476,0.00025284544,0.00033420956,4
0.66119057,0.20621918,0.061721783,0.007222566,0.0022248572,0.022939332,0.0015160464,0.0016232448,0.0018815268,0.0120070875,0.0025141465,0.0041137794,0.0019268588,0.0020944877,0.002737557,0.0018224387,0.0037796178,0.0015236045,0.00094131177,1
0.00058635214,0.0021712882,0.0010647023,0.0037187976,0.00073430303,0.983667,0.0015753508,0.00046749826,0.0006384044,0.00025888035,0.0008882293,0.0005496902,0.00063595007,0.00023179276,0.00029388219,0.00060148677,0.0011029029,0.000502858,0.00031067507,5
0.04204081,0.033880915,0.002244208,0.0031843577,0.0024794564,0.00086686906,0.0016895343,0.0018089999,0.002096838,0.8909927,0.0028018497,0.0018560905,0.0021473577,0.0012598961,0.0027643654,0.0020309885,0.0016915721,0.0016979564,0.0024652258,9
0.0004665073,0.0003640677,0.00070317544,0.0048126997,0.00020372822,0.99071664,0.00013882303,0.00016224995,0.00017357412,0.00019070481,0.00032749615,0.00037669527,0.00017644091,0.00027546345,0.00017308105,0.00016687924,0.00034609626,0.00013951518,8.619513e-05,5
0.13952628,0.016451554,0.01107376,0.0067660334,0.0042681242,0.002008763,0.002908356,0.0024893766,0.0036832585,0.78308594,0.006836401,0.003195065,0.003696451,0.0009380471,0.0019358739,0.0034961333,0.002911864,0.0029228537,0.0018057945,0
0.0024657007,0.05967158,0.8135618,0.00614094,0.0054027233,0.0044436166,0.003681485,0.04299354,0.0046623824,0.016508535,0.0060832654,0.0040444117,0.0046790796,0.0028307934,0.0057408283,0.0044255117,0.006678144,0.0036998386,0.0022858304,2
0.99612397,0.0011802467,0.00011766806,0.00016557357,0.00016367891,8.4049716e-05,0.0002677159,9.546542e-05,0.00014124977,0.00026533124,0.00019798956,0.00034002372,0.00014175568,0.000103973,0.00018426799,0.00013407366,0.00011166745,0.00011208889,6.9250644e-05,0
0.41864803,0.012634259,0.006034915,0.0036984591,0.0029797428,0.00104178,0.0020304353,0.001737931,0.002571427,0.52911764,0.0047727562,0.0022305988,0.0025806357,0.00065488735,0.0014915611,0.002440785,0.002032885,0.0020405585,0.0012606959,9
0.94487727,0.012954666,0.018930769,0.0018571467,0.0018358956,0.0008640514,0.0012510035,0.0010707837,0.0015843216,0.0019536493,0.002067151,0.0013743287,0.0015899963,0.0011662085,0.00183246,0.0015038307,0.001252513,0.0012572401,0.00077674683,0
9.584664e-05,0.00016528877,8.242247e-05,0.9957402,0.00020255275,0.0002769632,0.00013802205,0.00012828292,0.00017129566,0.00013190103,0.0003030868,0.00015162848,0.00017542273,0.00024067755,0.00045186188,0.00016591624,0.0006307929,0.0001387102,0.0006091404,3
0.0008476229,0.0006061118,0.0019135937,0.00011723311,0.00015385656,0.9888037,0.00021050002,0.001336465,0.00013376318,9.533548e-05,0.00018610839,0.0027889875,0.00013324905,0.00021377516,0.00014425682,0.00012602803,0.002019023,0.00010536254,6.509498e-05,5
0.0009141496,0.0005809611,0.008690677,0.0009384292,0.0010130316,0.0007683796,0.00069029303,0.0007003333,0.9746063,0.0045265323,0.0011447524,0.00075834285,0.0008773464,0.00057454983,0.0004821033,0.0008298009,0.00078170147,0.0006937344,0.00042860227,8
0.102549665,0.008686407,0.01764869,0.0065711257,0.0041451734,0.0019508968,0.0028245756,0.0024176657,0.003577156,0.81999373,0.004667311,0.0031030255,0.0035899682,0.00091102504,0.0018801076,0.0033954212,0.0028279827,0.0028386558,0.006421456,9
0.40288797,0.0631147,0.41629407,0.0055781016,0.009436412,0.003299166,0.0064300955,0.0059763705,0.007980228,0.0090296725,0.009925897,0.0070639816,0.008172498,0.010769996,0.009418749,0.007729615,0.0064378516,0.006462152,0.00399244,0
0.00034453213,0.001998693,0.99329597,0.00023753193,0.00032749033,0.00012348275,0.00022315636,0.00022004094,0.00028261414,0.0003453903,0.00056352717,0.00024515524,0.00028362637,0.00031790076,0.0003070569,0.00026825588,0.00025270655,0.00022426875,0.00013855749,1
0.049560614,0.0050404468,0.0027929165,0.013652404,0.006269442,0.0057784985,0.0044253976,0.0037643926,0.004639241,0.05684707,0.008753226,0.004076203,0.0047158613,0.03108728,0.0025913739,0.004460298,0.0037149002,0.017987845,0.76984257,18
0.0001626596,2.1846105e-05,7.0255475e-05,0.9970797,0.00011852295,0.00020268119,8.0763064e-05,7.506424e-05,0.00010023308,5.768046e-05,0.00017735023,8.872482e-05,0.00010264802,0.00012204388,0.00016726916,9.708533e-05,0.00036910616,8.116573e-05,0.00082517887,3
0.00040696346,0.036494453,0.96009916,0.00016133607,0.0002729304,0.00013853327,0.00018597828,0.00017285523,0.00023081315,0.00018388627,0.00030841856,0.00020431231,0.00023637418,5.817311e-05,0.00010923209,0.00022356461,0.00021060559,0.00018690554,0.00011547379,2
0.001057508,0.0009452995,0.00042520833,0.002021446,0.0010054095,0.000926679,0.00070968666,0.0005559454,0.00075918564,0.00037462197,0.0009832218,0.00065368734,0.000756267,0.00027564593,0.0003960657,0.9684558,0.0005957462,0.0028846508,0.016217932,15
0.0018022637,0.7322714,0.22712523,0.0024386323,0.0033621977,0.0017065752,0.002291045,0.0019609965,0.0029014722,0.00206855,0.00578548,0.0025168997,0.0029118632,0.0007389428,0.0013456161,0.0027540638,0.0022938082,0.0023024662,0.0014225075,2
0.008886212,0.04188135,0.03281293,0.016963001,0.018311514,0.0069044954,0.012477703,0.011597246,0.015485765,0.016002417,0.019261364,0.013707773,0.015858866,0.26753566,0.4440752,0.014999441,0.012492757,0.012539909,0.018206412,14
0.97440284,0.00138486,0.01261209,0.0009265221,0.00091591984,0.0004310713,0.0006241199,0.0005800803,0.00077457976,0.0010372082,0.00096343056,0.0006856463,0.00079324184,0.0005642461,0.000914206,0.00075025426,0.000624873,0.0006272313,0.00038751544,0
0.001057508,0.0009452995,0.00042520833,0.002021446,0.0010054095,0.000926679,0.00070968666,0.0005559454,0.00075918564,0.00037462197,0.0009832218,0.00065368734,0.000756267,0.00027564593,0.0003960657,0.9684558,0.0005957462,0.0028846508,0.016217932,15
0.0025543456,0.00038092208,0.0009401224,0.0013965785,0.001033317,0.0045414506,0.9778226,0.000714357,0.00088037434,0.00097387796,0.00154619,0.0026703286,0.0008949148,0.00031633023,0.000394144,0.0008464173,0.00070496544,0.000707626,0.00068117114,6
0.9952897,0.0023145778,0.000117569514,0.0001654349,0.00016354183,8.397932e-05,0.00026749168,9.538546e-05,0.00014113146,0.00015391667,0.00019782373,0.00033973894,0.00014163695,3.5943194e-05,6.545258e-05,0.00013396138,0.00011157392,0.00011199501,6.919265e-05,0
0.0041756923,0.039403353,0.83728814,0.005604596,0.0049308543,0.003012671,0.0033599476,0.039238524,0.0042551765,0.02112719,0.005964474,0.0036911767,0.0042704153,0.0025835545,0.0054974486,0.004038992,0.006094881,0.0033766998,0.0020861893,2
0.00028292165,0.00064588344,0.0017360307,0.0028300127,0.0005476488,0.9875723,0.0011749086,0.0003786029,0.00046659063,0.0002991045,0.00081946625,0.00040996316,0.00047429648,0.00016765222,0.00020889264,0.00044859343,0.0009303533,0.00037503536,0.00023170408,5
0.00097102503,0.002283139,0.9910054,0.00030995347,0.00042733987,0.00016113179,0.00029119488,0.00031178506,0.0003613946,0.00054448453,0.0006869549,0.00031990133,0.00037010174,0.00040229908,0.000400676,0.00035004524,0.0003297547,0.00029264644,0.00018080253,1
0.0003914734,0.0004945654,0.00020252277,0.00026773778,0.99447215,0.00037690668,0.00025153413,0.00025519275,0.00031449983,0.00051228073,0.00041713341,0.00027633077,0.00031969385,0.000113003975,0.00019387658,0.00030236907,0.0002518375,0.00025278796,0.0003341336,4
0.9931838,0.003543422,0.0010500165,9.066416e-05,0.00015337554,0.00011434167,0.00020984192,9.713746e-05,0.00012970727,0.00015692186,0.00017331823,0.00028359247,0.00013283233,9.448589e-05,0.00017266856,0.0001256339,0.00011835147,0.00010503303,6.489141e-05,0
0.00086066365,0.0077817133,0.98057336,0.00048359495,0.0008180922,0.00045863597,0.00055745855,0.0005496766,0.00070598815,0.0011518238,0.001407727,0.0006124137,0.0007085165,0.00042864494,0.00076704734,0.00067012064,0.0005581309,0.0005602376,0.00034612545,2
0.9953194,0.0012765006,0.0003103885,0.000164135,0.00022629643,0.000116204035,0.00030960923,0.00014332052,0.0001913755,0.0002235133,0.00033861565,0.0004184241,0.00019598634,8.9360525e-05,8.631755e-05,0.0001853655,0.00015438744,0.00015497011,9.5743475e-05,0
9.174065e-05,0.0010639306,0.9976948,5.8026377e-05,9.816256e-05,4.982509e-05,6.688924e-05,7.161892e-05,8.3014536e-05,5.7753594e-05,0.00010325445,7.348329e-05,8.501462e-05,4.9879764e-05,8.771804e-05,8.040752e-05,7.5746655e-05,6.722267e-05,4.1531443e-05,2
0.98722935,0.0018577505,0.00063710316,0.0002934625,0.0004964472,0.0006452411,0.0003382855,0.0038624723,0.00041983757,0.0006879789,0.0005609982,0.0009179348,0.00045335345,0.000105814084,0.0001986877,0.00040665286,0.00033869356,0.00033997197,0.00021004105,0
0.00016254927,2.1831289e-05,7.020783e-05,0.99640346,0.000118442564,8.191267e-05,0.00087964116,7.501333e-05,0.0001001651,5.7641337e-05,0.00017722994,8.866464e-05,0.0001025784,0.0001219611,0.00016715571,9.701948e-05,0.0003688558,8.111068e-05,0.0008246192,3
0.0010816605,0.000956571,0.0016839785,0.0011386189,0.0002758642,0.9892838,0.0005918304,0.0001907116,0.00023503318,0.0001699511,0.00032717377,0.0005100751,0.0002389148,0.00041385705,0.000110406145,0.00022596757,0.00225993,0.00018891445,0.00011671494,5
0.0005014155,0.9906446,0.0048986776,0.0009469407,0.00018988304,0.00064622995,0.00012938885,0.00013853784,0.00016058124,0.0002626871,0.0003052398,0.0001421441,0.00016445016,0.00017875664,0.00017803547,0.00015553813,0.00014652243,0.00013003385,8.0337384e-05,1
9.584664e-05,0.00016528877,8.242247e-05,0.9957402,0.00020255275,0.0002769632,0.00013802205,0.00012828292,0.00017129566,0.00013190103,0.0003030868,0.00015162848,0.00017542273,0.00024067755,0.00045186188,0.00016591624,0.0006307929,0.0001387102,0.0006091404,3
0.00021409676,0.9940221,0.0024876504,0.000792985,0.00015901143,0.0005411645,0.000108352535,0.00010683986,0.000137222,0.00016770259,0.00027361803,0.000119034,0.00013771349,0.00015435525,0.00014909008,0.00013025041,0.00012270051,0.00010889266,6.7275956e-05,1
0.00752769,0.0008082562,0.0019817988,0.3301141,0.0021597396,0.6330484,0.0014716745,0.0014930804,0.001840074,0.0021308488,0.0025614423,0.0016167546,0.0018704641,0.00436602,0.0008643698,0.0017690992,0.0014734503,0.001479012,0.0014237184,5
6.538018e-05,0.9971904,0.0009872871,0.00035507392,0.00010937787,0.0003722461,7.453149e-05,6.379449e-05,9.4389754e-05,3.6652968e-05,0.00012315536,8.187892e-05,9.472774e-05,2.4039024e-05,4.1720592e-05,8.9594265e-05,7.4621385e-05,7.490309e-05,4.627655e-05,1
0.00078012364,0.03479635,0.95233774,0.0004934318,0.00083473296,0.00042369167,0.00056879804,0.00060901756,0.0007059212,0.00079387514,0.00087803224,0.00062487077,0.0007229291,0.0012259323,0.0019518946,0.00068375183,0.0006441182,0.0005716337,0.00035316614,2
0.00011253095,9.97143e-05,0.00012009948,0.9960283,0.00020261137,0.00020580359,0.000138062,0.00012832003,0.00017134524,9.1226604e-05,0.00030317451,0.00015167236,0.00017547348,0.00024074719,0.00028594153,0.00016596424,0.00063097547,0.00013875033,0.00060931663,3
0.0055794227,0.44360393,0.5092586,0.002250084,0.0038064416,0.0017914751,0.0025937594,0.002220102,0.0032848425,0.002958856,0.004285914,0.0028494552,0.0032966079,0.000836579,0.001451913,0.0031179572,0.0025968892,0.0026066904,0.0016104627,2
0.00088849885,0.00058236235,0.0014653697,0.004793931,0.00024899928,0.9885494,0.00016967149,0.00019830403,0.0002121446,0.00036390082,0.0004002701,0.00046040193,0.00021564841,0.00033667506,0.00021154173,0.00020396183,0.00042300337,0.00017051728,0.00010534881,5
0.0014924266,0.0015557887,0.0050904728,0.0007877277,0.00095200917,0.0010302356,0.0006487116,0.9747449,0.00080509996,0.00069507945,0.0010757955,0.0007126623,0.0008693707,0.0022169724,0.0043114633,0.00077981595,0.0011767499,0.00065194565,0.0004027844,7
0.0001832768,0.0015515054,0.9935608,0.00017716864,0.00029971421,0.00011300955,0.0002042291,0.00020137812,0.00025864417,0.00027834607,0.00033746706,0.00022436235,0.0002595703,0.0008408924,0.0007008352,0.0002455037,0.00023127298,0.00020524736,0.00012680571,2
0.0005223091,0.003661245,0.014834592,0.00075558096,0.0010417355,0.00085680414,0.00084663637,0.9579477,0.00089898595,0.0004444802,0.0011729561,0.0007798304,0.0009513085,0.0074327365,0.0047072554,0.00085331325,0.0011384576,0.00071339123,0.00044074666,7
0.03892296,0.02665576,0.03579051,0.094832286,0.024323668,0.11529241,0.43259495,0.016815543,0.020723492,0.0052196067,0.025585381,0.062857956,0.021065755,0.007446228,0.008406751,0.019924156,0.016594462,0.016657094,0.010291069,6
0.00062796945,0.00042960787,0.001947784,0.0007261545,0.0010011648,0.0007593788,0.0008136637,0.0007342803,0.9828756,0.0020580844,0.0017227486,0.00074945955,0.00086706906,0.00075342145,0.0012318754,0.0008200805,0.00077254453,0.0006856079,0.00042358157,8
0.0005634607,0.1520192,0.8378024,0.0005424097,0.00091758836,0.00046574723,0.00062525686,0.000581137,0.0007759908,0.00032022948,0.00096518546,0.00068689534,0.00079468684,0.00019557742,0.000350001,0.0007516209,0.0006260113,0.00062837393,0.00038822135,1
0.48952624,0.37082988,0.012590707,0.011478536,0.0027810156,0.011919789,0.0018950199,0.024030937,0.0023518612,0.010161777,0.0031426197,0.0051421206,0.0024085252,0.006465454,0.0034218775,0.0022780027,0.0364946,0.0019044672,0.0011766161,1
0.00048720965,0.0026290396,0.0030023688,0.0022549066,0.00054631796,0.9851724,0.0011720535,0.00037768288,0.00046545675,0.00018681116,0.00057465635,0.0004089669,0.00047314388,0.00016724481,0.00020838501,0.00044750332,0.0008205546,0.00037412398,0.000231141,5
0.0009944432,0.00475736,0.00082410086,0.00080227066,0.0009789362,0.00805982,0.00066706,0.00062324567,0.00085108937,0.0004276859,0.0011022462,0.9758272,0.00084781775,0.00030901455,0.00037340124,0.0008018725,0.0006678649,0.0006703855,0.00041417693,11
9.918103e-05,0.00019656359,7.957845e-05,0.9951493,0.00020243257,0.00020562197,0.00013794015,0.0001282068,0.00017119401,0.00012164181,0.00030290696,0.00015153851,0.00017531864,0.0009768198,0.00035812252,0.00016581778,0.0006304186,0.00013862789,0.0006087789,3
0.00045188956,0.0004984374,0.00051775854,0.0020409958,0.001015133,0.00093564106,0.00071655016,0.0006095217,0.00075117516,0.00063464965,0.00092740636,0.0006600093,0.000763581,0.00026990726,0.00039989615,0.9778219,0.0006015078,0.0029125488,0.0074714324,15
0.12749654,0.72604156,0.022402396,0.004398745,0.0074413074,0.015319895,0.010180888,0.0054291463,0.006293002,0.02256495,0.007827303,0.005570471,0.0064446214,0.0037811834,0.008726369,0.006095372,0.005742054,0.0050958837,0.0031483339,1
0.00015324279,7.71139e-05,6.6048335e-05,0.9970396,0.00011851819,0.00016205742,8.075982e-05,7.506122e-05,0.00010022906,6.262551e-05,0.0001773431,8.872125e-05,0.00010264389,0.000122038975,0.00020147071,9.708143e-05,0.00036909134,8.116247e-05,0.00082514575,3
0.000118084696,0.0005145087,0.00020632493,0.9943388,0.00026248602,0.00028754532,0.00017886136,0.00016624048,0.0002219805,8.8980174e-05,0.00039276746,0.00019649378,0.00022732872,0.00031189184,0.00048613947,0.00021500935,0.00081743835,0.00017975311,0.00078937877,3
0.0009049567,0.0023401142,0.9510925,0.0009899194,0.0010686156,0.0006529065,0.00072816835,0.008503779,0.00092218205,0.024101222,0.0018388134,0.00079995237,0.00092548464,0.00055990834,0.0011914073,0.0008753309,0.0013208835,0.00073179853,0.00045211904,2
0.8301488,0.010927189,0.0020418423,0.0029037069,0.0023394327,0.0008179143,0.0015941204,0.001364471,0.0020188587,0.13138941,0.0028298313,0.0017512705,0.00202609,0.0005141601,0.0012287111,0.0019162912,0.0015960438,0.0016020676,0.0009897877,0
0.0004734936,0.00250952,0.008559042,0.0015003317,0.001433395,0.0005404726,0.0009767337,0.0008360253,0.0012369754,0.000643431,0.0016139494,0.0010730218,0.0012414054,0.062413804,0.9110801,0.0011741313,0.0011060722,0.0009816032,0.00060645305,14
0.00043024955,0.0003581254,0.00070753804,0.0014238922,0.0011189631,0.00086770393,0.0007898406,0.00061550405,0.0008218801,0.0005263064,0.0010222638,0.0007275166,0.0008416819,0.0015015072,0.0014595283,0.005375571,0.0030265574,0.9748809,0.0035045138,17
0.99485767,7.562409e-05,0.0005721015,0.00036307043,0.00029251535,0.00010226944,0.00019932371,0.00018525899,0.00024737584,0.000820457,0.0004702228,0.00021897338,0.00025333592,0.00018020213,0.0003293107,0.00023960716,0.00019956433,0.0002003175,0.00019282855,0
0.006836879,0.98935026,0.0007414765,0.0001560116,0.00023134795,0.00050852494,0.0003165205,0.0001465198,0.00019564733,0.00013631966,0.00026142932,0.00017318422,0.00020036109,4.931012e-05,9.258989e-05,0.00018950315,0.00015783362,0.00015842945,9.788072e-05,1
0.00025311913,0.0016569386,0.9969151,5.7506888e-05,9.728376e-05,3.6681588e-05,6.6290406e-05,7.097774e-05,8.2271334e-05,6.331667e-05,0.00010233006,7.2825416e-05,8.4253516e-05,9.1583235e-05,8.6932734e-05,7.968766e-05,7.506853e-05,6.662084e-05,4.1159627e-05,2
0.000655369,0.0011795658,0.00038114577,0.00080782117,0.00088860665,0.0007025162,0.00052590115,0.006554462,0.00065754796,0.0015002168,0.0008721319,0.0019944573,0.9802909,0.00023626596,0.00036729142,0.0006321855,0.00052653573,0.00052852294,0.0006985977,12
5.97044e-05,0.99735415,0.0012481237,0.00033095665,6.636433e-05,0.00022585798,4.5221506e-05,4.4590226e-05,5.727038e-05,5.149011e-05,0.00010629797,4.9679515e-05,5.7475456e-05,6.442104e-05,5.9303144e-05,5.436075e-05,5.1209703e-05,4.544697e-05,2.8078002e-05,1
0.99400085,0.0008355503,0.00066192093,0.00033175,0.00032795378,0.00011465935,0.00022347193,0.00020770326,0.00027734536,0.0006916506,0.0003705963,0.00024550216,0.0002840275,0.00020203357,0.00036920674,0.0002686355,0.00022374147,0.0002245859,0.00013875344,0
0.002247771,0.0007191162,0.0030851811,0.0013464784,0.0010384021,0.0013353046,0.0022277553,0.0011270265,0.0008781603,0.0003798797,0.0012315406,0.0019200138,0.00089931797,0.00081961806,0.0013388712,0.00085058226,0.9774046,0.0007111081,0.0004393361,16
0.00011253007,9.971352e-05,0.00012009854,0.9960205,0.00020260978,0.00020580197,0.00013806092,0.00012831902,0.00017134388,9.905093e-05,0.00030317213,0.00015167118,0.00017547212,0.0002407453,0.00028593928,0.00016596295,0.0006309705,0.00013874925,0.00060931186,3
0.0015027988,0.0008359845,0.0052437778,0.001691076,0.0013167331,0.0006683441,0.0008972393,0.00083392765,0.0011135415,0.0008692797,0.0021166683,0.0009856902,0.0011403703,0.011045988,0.96618515,0.001078571,0.0010160515,0.00090171234,0.00055709505,14
0.00014543952,3.225054e-05,0.00010961143,0.99708456,0.00011852352,0.00011034235,8.076346e-05,7.506461e-05,0.00010023357,7.843525e-05,0.00017735109,8.8725246e-05,0.00010264852,0.00012204447,0.0002014798,9.70858e-05,0.00036910796,8.116612e-05,0.0008251829,3
0.00016260867,0.000102235994,5.2713833e-05,0.9967675,0.00011848584,8.19426e-05,8.073777e-05,7.504074e-05,0.0001002017,6.260842e-05,0.0001772947,8.869704e-05,0.00010261588,0.0004954692,0.00015972654,9.705494e-05,0.0003689906,8.1140315e-05,0.00082492054,3
0.0003955483,0.0043220227,0.993182,0.00011881561,0.00016381362,6.176718e-05,0.0001116247,0.00011951771,0.00013853473,0.0001339982,0.00024512032,0.00012262886,0.00014187246,0.0001542148,0.00014638394,0.00013418413,0.00012640608,0.00011218124,6.93077e-05,2
0.0007291639,0.0022158558,0.01718565,0.00108032,0.0010222627,0.00066685624,0.00069658295,0.9639078,0.000882181,0.0006823149,0.0012365517,0.0007652532,0.0009335259,0.0009912028,0.0037710164,0.0008373621,0.0012635882,0.0007000557,0.00043250772,7
0.9979673,0.0002455314,0.00012952127,0.00010168655,0.00010052296,6.9486996e-05,0.00016441698,6.366429e-05,8.501076e-05,0.00022521346,0.000113593596,0.00018586783,8.705894e-05,6.192643e-05,0.000113167676,8.234098e-05,6.8580324e-05,6.8839145e-05,6.626557e-05,0
0.92686844,0.030979997,0.004692075,0.0053385426,0.0029804537,0.0010420281,0.0020309207,0.0018876133,0.0025205242,0.0024034476,0.00445976,0.0022311308,0.0025812513,0.0011769288,0.0010301052,0.0024413688,0.00203337,0.0020410444,0.001260996,0
0.0005353191,0.0007900902,0.0007424115,0.0014170043,0.0011135503,0.00086350646,0.0007860198,0.0005640893,0.0008346213,0.00057262037,0.0011698874,0.0007239973,0.00083761034,0.00552642,0.001508827,0.005349567,0.0030119168,0.97016495,0.0034875611,17
0.0033375693,0.21278524,0.75002706,0.0018811241,0.0031822764,0.0011999018,0.0021684451,0.0018560577,0.0027462058,0.0015521361,0.0038493522,0.002382213,0.002756042,0.0006993998,0.0012736088,0.002606687,0.0021710605,0.0021792545,0.0013463848,2
0.00010930814,0.047481906,0.010828305,0.00032998726,0.00035622026,0.00026883095,0.00024273328,0.00020776498,0.00030740717,9.623401e-05,0.9379468,0.00026666207,0.0003085082,0.00012060864,0.00016736038,0.0002917893,0.00027487584,0.00024394329,0.00015071279,10
0.0005014155,0.9906446,0.0048986776,0.0009469407,0.00018988304,0.00064622995,0.00012938885,0.00013853784,0.00016058124,0.0002626871,0.0003052398,0.0001421441,0.00016445016,0.00017875664,0.00017803547,0.00015553813,0.00014652243,0.00013003385,8.0337384e-05,1
0.0050252443,0.95949095,0.01612228,0.0011995935,0.0016539061,0.0005782399,0.0011269929,0.0009646385,0.0014272702,0.0014714705,0.002649118,0.0012380936,0.0014323817,0.0006734352,0.00063085865,0.0013547576,0.0011283528,0.0011326118,0.0006997491,1
0.00020592101,0.0002453642,0.0014405734,0.00026751947,0.99366117,0.00027975973,0.000251329,0.00023482091,0.00032066595,0.0005015626,0.00044615116,0.00027610545,0.00031943317,0.00021570192,0.00019371849,0.0003021225,0.00025163215,0.00025258184,0.00033386113,4
0.0011221656,0.00027779414,0.00015082664,0.00047520918,0.0003828623,0.00026926812,0.0002608873,0.00028080132,0.0017746004,0.0029785275,0.0006588082,0.000286606,0.00033158183,0.98685294,0.002898166,0.00031361278,0.00026120222,0.00026218803,0.00016198473,13
0.993433,0.0002498076,0.001646017,0.00033156047,0.00032776644,0.00011459385,0.00022334426,0.0002075846,0.00027718692,0.0006912555,0.00037038457,0.0002453619,0.00028386523,0.00037408728,0.0003689958,0.00026848202,0.00022361366,0.0002244576,0.00013867416,0
0.00013055817,0.00010665079,5.2737945e-05,0.9972235,0.00011854004,0.00012040781,8.0774706e-05,7.507506e-05,0.00010024754,6.328475e-05,0.0001773758,8.873761e-05,0.00010266282,0.0004956958,0.0001597996,9.7099335e-05,0.0003691594,8.117743e-05,0.00035648752,3
0.0028231961,0.0022553068,0.0032049955,0.00065352855,0.0009784576,0.006454003,0.0013386849,0.00062294095,0.00085067324,0.00028385103,0.0011017073,0.97535014,0.00084740325,0.00030886347,0.0003732187,0.0008014805,0.0006675384,0.0006700578,0.00041397443,11
0.37667152,0.00077894685,0.001787556,0.0011500216,0.0009265391,0.00032393733,0.000631356,0.00067599904,0.00078356033,0.60513955,0.0014894255,0.00069359574,0.00080243876,0.0025210408,0.0032068912,0.00075895275,0.0006321178,0.00063450355,0.0003920083,9
0.00070828205,0.0004500511,0.0010431381,0.0009911347,0.00088855287,0.00052183773,0.0005258693,0.0065540653,0.00065750815,0.0013019674,0.0008720791,0.0019943365,0.9802316,0.00043769547,0.00036726918,0.00063214725,0.0005955048,0.000528491,0.00069855544,12
0.00041174405,0.0007131044,0.00201629,0.0007423118,0.0010234411,0.0010449851,0.0006973863,0.00070752966,0.98462105,0.0012507067,0.0015314125,0.00076613534,0.0008863617,0.00031330722,0.0005123009,0.0008383277,0.000789734,0.00070086296,0.00043300644,8
0.0006029821,0.06727391,0.9223419,0.00050369365,0.0008520929,0.0003212882,0.00058062706,0.00057252165,0.0007353297,0.0004492351,0.00095942494,0.0006378662,0.0007379631,0.00044645983,0.00076143,0.00069797155,0.0005813274,0.0005835217,0.00036051078,1
0.0023137997,0.0006719832,0.004125142,0.0010940805,0.0010352838,0.0013312947,0.0022210653,0.0011236421,0.0008755232,0.00049896725,0.0012278423,0.001914248,0.00089661736,0.0029309648,0.0012750564,0.000848028,0.9744694,0.0007089726,0.00043801675,16
0.00064526335,0.0011593244,0.0006068059,0.00024849625,0.00023514165,0.9941856,0.00032171086,0.00014970436,0.0002044326,0.00016664232,0.0003766346,0.00048847956,0.00020364684,7.422566e-05,8.126975e-05,0.00019261084,0.0003994618,0.0001610274,9.948579e-05,5
0.00057005684,0.108653754,0.8866294,0.00020966119,0.00035468146,0.00018002825,0.00024168452,0.00025877383,0.00029994853,0.00020188857,0.00037307933,0.00026551014,0.00030717524,0.00018022563,0.00031694325,0.00029052884,0.0002736882,0.00024288951,0.00015006177,2
0.000581446,0.0003029351,0.034126353,0.000185599,0.00025588932,0.00014345591,0.00017436643,0.00018669575,0.00021640176,0.00032603522,0.96192604,0.00019155558,0.00022161558,0.00020031,0.000270766,0.00020960561,0.00019745591,0.00017523562,0.00010826389,10
0.0009704363,0.00026659225,0.0013771593,0.9834299,0.00076454546,0.0040212483,0.00062135886,0.00052854884,0.0006513841,0.0008857484,0.0011440164,0.0019757615,0.0006621419,0.000234051,0.00029162472,0.00062625913,0.0005215995,0.00052356836,0.00050399476,3
0.029201785,0.009328553,0.0008026369,0.0049636504,0.002279402,0.0021009094,0.0016089577,0.0012604042,0.0017211788,0.006834184,0.0031709957,0.0014819987,0.0017145617,0.011654456,0.0008979357,0.0016216465,0.0013506389,0.0065399017,0.9114662,18
0.00012930286,5.2635707e-05,7.029163e-05,0.99759275,0.000118583936,0.00015431845,8.0804624e-05,7.510287e-05,0.00010028466,6.330819e-05,0.00017744148,8.8770474e-05,0.00010270084,0.00012210668,0.00016735523,9.713529e-05,0.0003692961,8.1207494e-05,0.00035661954,3
0.99156284,0.0034882545,0.00043095084,0.00039797928,0.00039342523,0.00013754964,0.00026808502,0.00022946473,0.00033951373,0.00037027037,0.00047589588,0.00029451324,0.00034072963,8.646684e-05,0.00015745632,0.00032226485,0.00026840836,0.00026942164,0.0001664538,0
0.00012773876,0.00028302247,0.0008959078,0.0002181872,0.9943877,0.0003768747,0.00025151277,0.00023499259,0.0003209004,0.00044929778,0.0004155983,0.0002763073,0.00031966672,0.00011651297,0.00018476152,0.0003023434,0.00025181615,0.0002527665,0.00033410525,4
9.918103e-05,0.00019656359,7.957845e-05,0.9951493,0.00020243257,0.00020562197,0.00013794015,0.0001282068,0.00017119401,0.00012164181,0.00030290696,0.00015153851,0.00017531864,0.0009768198,0.00035812252,0.00016581778,0.0006304186,0.00013862789,0.0006087789,3
8.405522e-05,0.00030449737,0.9987004,5.3678592e-05,7.4007825e-05,2.7905218e-05,5.0429928e-05,5.399579e-05,6.258731e-05,5.4724518e-05,0.00011074061,5.540134e-05,6.409524e-05,3.760591e-05,6.6133434e-05,6.0621736e-05,5.7107824e-05,5.0681316e-05,3.131188e-05,2
0.99644583,9.546193e-05,0.0006348226,0.00022627506,0.00018230344,6.373701e-05,0.00012422391,0.000115458395,0.00015417115,0.00048133457,0.00029305552,0.0001364701,0.00015788562,0.00020806705,0.00020523528,0.0001493295,0.00012437375,0.00012484315,7.713047e-05,0
0.00038914089,0.0002933715,0.00012619316,0.00043368727,0.000273577,0.0004942401,0.00018641888,0.00037337988,0.0012426545,0.0014570381,0.0023247835,0.00020479636,0.00023693396,0.96301454,0.028123064,0.00022409407,0.00029897777,0.00018734817,0.00011574725,13
0.0004503494,0.0017821605,0.00029563997,0.00021787467,0.9929634,0.00027956325,0.00025115252,0.00025480558,0.00031402268,0.00063741655,0.00041650055,0.00027591153,0.00031920883,0.00020904122,0.00019358244,0.00030191033,0.00025145544,0.00025240445,0.00033362667,4
0.00012930286,5.2635707e-05,7.029163e-05,0.99759275,0.000118583936,0.00015431845,8.0804624e-05,7.510287e-05,0.00010028466,6.330819e-05,0.00017744148,8.8770474e-05,0.00010270084,0.00012210668,0.00016735523,9.713529e-05,0.0003692961,8.1207494e-05,0.00035661954,3
0.00012871764,0.0004986705,0.00012802325,0.00030066352,0.9883725,0.00023002339,0.00093874015,0.0028693345,0.00031895924,0.00044940328,0.0005876315,0.001078012,0.0025669665,0.00021455386,0.00018364388,0.00030051448,0.00025029285,0.00025123748,0.0003320842,4
0.0005639906,0.0012974909,0.0004936348,0.0002418,0.9753034,0.00012656992,0.0002942205,0.0025938756,0.00031241268,0.013216099,0.00057986134,0.0010637577,0.002533024,7.9564896e-05,0.00018121558,0.00029654082,0.00024698328,0.00024791542,0.0003276931,4
0.000730506,0.0016375281,0.00055024395,0.0005155048,0.00088864047,0.0007025429,0.0005259212,0.0065547116,0.000657573,0.0009453433,0.00087216514,0.0019945332,0.98032826,0.00023627495,0.00040536787,0.0006322096,0.0005955636,0.0005285431,0.0006986243,12
0.0011589442,0.03651903,0.9571724,0.00026330387,0.00044542816,0.00016795212,0.00030352047,0.00032498248,0.00037669195,0.0002535426,0.00046853343,0.000333442,0.00038576763,0.0002263373,0.00039803487,0.000364862,0.00034371277,0.00030503378,0.00018845567,2
0.00012925135,0.00010227988,5.273646e-05,0.99719536,0.0001185367,0.00015425697,8.0772435e-05,7.507295e-05,0.00010024472,6.328297e-05,0.0001773708,8.873511e-05,0.00010265993,0.00049568183,0.0001597951,9.70966e-05,0.000369149,8.1175145e-05,0.00035647748,3
0.0005353191,0.0007900902,0.0007424115,0.0014170043,0.0011135503,0.00086350646,0.0007860198,0.0005640893,0.0008346213,0.00057262037,0.0011698874,0.0007239973,0.00083761034,0.00552642,0.001508827,0.005349567,0.0030119168,0.97016495,0.0034875611,17
0.0004549484,0.0025785572,0.0025997579,0.0011594885,0.0010201032,0.001041577,0.0006951118,0.00070522213,0.9814098,0.002087389,0.001073018,0.00076363666,0.00088347093,0.0003122854,0.00046268385,0.00083559356,0.0007871583,0.00069857715,0.00043159424,8
6.132533e-05,0.99631363,0.0021291561,0.00026351245,8.1173006e-05,0.00037188336,5.5312332e-05,5.454019e-05,7.004983e-05,4.279553e-05,9.139775e-05,6.0765113e-05,7.030065e-05,4.253115e-05,7.2536175e-05,6.649093e-05,6.2636755e-05,5.558811e-05,3.434339e-05,1
0.0007308165,0.0011404426,0.00073870056,0.0008072555,0.0008879844,0.0005215039,0.00052553293,0.0065498725,0.00065708754,0.0017141725,0.00087152125,0.0019930608,0.9796045,0.00043741547,0.00036703423,0.0006317429,0.0005951239,0.00052815286,0.0006981085,12
0.0029092028,0.00071389927,0.0016434308,0.0008345572,0.0012494922,0.0076420507,0.00085142,0.0008638042,0.0010645532,0.00073120743,0.0013143051,0.9749806,0.0010821345,0.00038250812,0.00047660051,0.0010234916,0.000852447,0.0008556646,0.0005286459,11
9.926009e-05,0.00011759795,8.173498e-05,0.99594253,0.00020259392,0.00020578588,0.0001380501,0.00012830898,0.00017133048,0.000121738776,0.0003031484,0.0001516593,0.00017545838,0.00024072647,0.00037521578,0.00016594995,0.00063092116,0.0001387384,0.0006092642,3
