prob_class_0,prob_class_1,true_label
0.952976487961243,0.047023512038757,0
0.09147092561283665,0.9085290743871633,0
0.9442064152488208,0.05579358475117923,0
0.8237400429815329,0.17625995701846714,0
0.904011603367339,0.09598839663266102,0
0.4898703221315096,0.5101296778684904,0
0.16473905078315054,0.8352609492168495,1
0.7175895584685936,0.2824104415314063,1
0.9656112912549032,0.03438870874509685,0
0.03243840567689471,0.9675615943231053,1
0.9604324092396557,0.039567590760344364,0
0.21481045045797076,0.7851895495420292,1
0.05415825737411695,0.945841742625883,1
0.4162320125785036,0.5837679874214964,1
0.9314346665159399,0.06856533348406012,0
0.8974137735515364,0.10258622644846364,0
0.6176450253992543,0.3823549746007458,1
0.27436494217182894,0.7256350578281711,1
0.9768414814049109,0.023158518595089092,0
0.975790938970201,0.024209061029799004,0
0.028121145341095666,0.9718788546589043,1
0.006887578171150377,0.9931124218288496,1
0.08268037125056249,0.9173196287494375,1
0.7769346411270709,0.2230653588729291,1
0.975205535658692,0.024794464341308067,0
0.06544738060669764,0.9345526193933024,1
0.9825620479566416,0.017437952043358438,1
0.9246677754255277,0.07533222457447235,0
0.20349557371355154,0.7965044262864485,1
0.041631729552504604,0.9583682704474954,1
0.4618931944796778,0.5381068055203222,1
0.6839509981388153,0.3160490018611847,0
0.9529899412229595,0.047010058777040405,0
0.22679901474803577,0.7732009852519642,1
0.76554045561328,0.23445954438672004,0
0.9429580444818448,0.05704195551815512,0
0.01888924310702189,0.9811107568929781,1
0.7702671022123442,0.22973289778765577,0
0.09957884450713661,0.9004211554928634,1
0.6138551676308913,0.3861448323691087,0
0.9159348089971349,0.08406519100286512,0
0.3157471874500388,0.6842528125499612,1
0.05503350819499586,0.9449664918050041,1
0.11622990348119533,0.8837700965188047,0
0.8279127631916547,0.17208723680834523,0
0.9440155649409098,0.055984435059090246,0
0.9829881499867086,0.01701185001329145,0
0.01681004210706427,0.9831899578929357,1
0.06765452749025502,0.932345472509745,1
0.3864833064385421,0.6135166935614579,1
0.9883097453105927,0.011690254689407358,0
0.29555250335386496,0.704447496646135,1
0.9388025407757846,0.06119745922421536,0
0.6165606838780697,0.38343931612193033,1
0.7866378555592123,0.21336214444078774,0
0.07127895521415384,0.9287210447858462,1
0.9234961248188525,0.07650387518114751,0
0.893424185136279,0.10657581486372097,0
0.016376369859438578,0.9836236301405614,1
0.820679099081306,0.17932090091869396,0
0.9334639116053094,0.06653608839469057,0
0.033467569679287545,0.9665324303207125,1
0.9788714708541465,0.021128529145853475,0
0.5463193243767497,0.4536806756232503,0
0.9645993541502508,0.03540064584974921,0
0.030396896311467914,0.9696031036885321,1
0.4524261882034494,0.5475738117965506,0
0.05051485232053454,0.9494851476794655,1
0.6797237597899344,0.32027624021006557,0
0.09253937623901498,0.907460623760985,1
0.9781087367560746,0.021891263243925433,0
0.7806822232830682,0.21931777671693176,0
0.20092735923573846,0.7990726407642615,0
0.9027175554578992,0.09728244454210079,0
0.9452439031501928,0.05475609684980724,0
0.8326735573831525,0.16732644261684754,0
0.8774264056500997,0.12257359434990031,0
0.01391113264743582,0.9860888673525642,1
0.9703659136392128,0.02963408636078726,0
0.3113999135690313,0.6886000864309687,0
0.32880029790604226,0.6711997020939577,1
0.0108707734899397,0.9891292265100603,1
0.942025402345585,0.05797459765441504,0
0.9862963712956642,0.013703628704335804,0
0.9133830871333738,0.0866169128666262,0
0.337882962217555,0.662117037782445,1
0.7117679251061673,0.28823207489383273,0
0.35616795258603584,0.6438320474139642,1
0.4385537747564896,0.5614462252435104,1
0.058978017910284675,0.9410219820897153,1
0.5654825222452446,0.43451747775475535,0
0.9899739961627054,0.010026003837294616,0
0.02566867845981946,0.9743313215401805,1
0.11327207074949042,0.8867279292505096,1
0.1645583973043575,0.8354416026956425,1
0.3135262548643991,0.6864737451356009,0
0.13108466171295663,0.8689153382870434,0
0.9093912476806826,0.09060875231931738,0
0.3852791918638264,0.6147208081361736,1
0.9033558829955188,0.09664411700448113,0
0.9413484006962753,0.058651599303724676,0
0.524578257077261,0.475421742922739,1
0.9515417757509625,0.04845822424903747,1
0.7603171378753842,0.2396828621246158,0
0.8390287038901384,0.1609712961098616,0
0.38253287301573924,0.6174671269842608,1
0.9533808912097343,0.04661910879026566,0
0.562665443686795,0.4373345563132049,0
0.9856184978674243,0.014381502132575774,0
0.10669365892436078,0.8933063410756392,1
0.3433080457435632,0.6566919542564368,1
0.30614171757581576,0.6938582824241842,1
0.4653736884292281,0.5346263115707719,0
0.07047885442489721,0.9295211455751028,1
0.09192115954874469,0.9080788404512553,1
0.9302404367020249,0.06975956329797503,1
0.8920800014543077,0.10791999854569231,0
0.07306619354780208,0.9269338064521979,1
0.6063309060134814,0.39366909398651856,0
0.8920412865132478,0.1079587134867522,0
0.933435504250037,0.066564495749963,0
0.020000523067947196,0.9799994769320528,1
0.8565026169968616,0.14349738300313838,0
0.7487171650947899,0.25128283490521003,0
0.8846919567533639,0.11530804324663611,0
0.7649800763065274,0.23501992369347255,0
0.6001617472057504,0.39983825279424956,1
0.9122830976129811,0.08771690238701894,0
0.02588543489705697,0.974114565102943,1
0.9550008492231638,0.04499915077683627,0
0.9825710527882558,0.01742894721174412,0
0.9763202632519636,0.023679736748036324,1
0.456630620059606,0.543369379940394,0
0.1813178173384835,0.8186821826615165,0
0.9038939660123617,0.09610603398763828,0
0.5740005582365527,0.4259994417634473,0
0.8474537750266311,0.15254622497336895,0
0.5165762564776393,0.48342374352236067,0
0.8294299987217618,0.17057000127823818,0
0.8998901628004871,0.10010983719951294,0
0.03394874886128174,0.9660512511387183,1
0.9800808808080727,0.019919119191927393,0
0.05455009319212378,0.9454499068078762,1
0.9036028127410078,0.09639718725899217,0
0.012485145048468316,0.9875148549515317,1
0.7265990098682734,0.2734009901317266,0
0.010776834098917165,0.9892231659010828,1
0.16217734470963585,0.8378226552903641,1
0.9135135626268421,0.08648643737315789,0
0.6357438978837193,0.36425610211628073,1
0.9729031910561028,0.027096808943897228,0
0.11343632293939598,0.886563677060604,1
0.81049807764714,0.18950192235285995,0
0.15437913424363836,0.8456208657563616,1
0.1287981561708068,0.8712018438291932,0
0.4746952725325593,0.5253047274674407,1
0.07857064251108947,0.9214293574889105,1
0.9673468876574581,0.03265311234254191,0
0.006640575638685475,0.9933594243613145,1
0.008472145049671531,0.9915278549503285,1
0.6584546983484696,0.34154530165153035,0
0.80738583773335,0.19261416226664996,1
0.006897167888523681,0.9931028321114763,1
0.7313553186933752,0.26864468130662483,1
0.7878144949928464,0.2121855050071536,1
0.9594389941997149,0.04056100580028514,0
0.9235449115916681,0.07645508840833197,0
0.27056967564972445,0.7294303243502755,1
0.9281989588269588,0.07180104117304122,0
0.024187111551431828,0.9758128884485682,1
0.7842177769097511,0.2157822230902488,0
0.34040021877292115,0.6595997812270789,1
0.6327118144159951,0.36728818558400483,1
0.92286472504172,0.07713527495827996,0
0.9867155083025343,0.013284491697465657,0
0.3005572478650794,0.6994427521349206,0
0.17442119898566077,0.8255788010143392,1
0.9935531363361012,0.00644686366389878,0
0.5575599748788715,0.4424400251211284,0
0.25652817652617654,0.7434718234738235,0
0.9237816053037134,0.07621839469628658,0
0.43455629830809883,0.5654437016919012,1
0.4137785055615252,0.5862214944384748,1
0.8760172129907969,0.12398278700920305,1
