model,seed,fold,subset,accuracy,balanced_accuracy,precision_macro,recall_macro,f1_macro,precision_weighted,recall_weighted,f1_weighted,roc_auc,time_sec
XGBoost,0,0,train,0.9055374592833876,0.8883878504672897,0.9015217391304348,0.8883878504672897,0.8943251551947204,0.9050120379549639,0.9055374592833876,0.904752597997181,0.9691588785046729,0.07993173599243164
XGBoost,0,0,test,0.7402597402597403,0.702037037037037,0.7144261006289309,0.702037037037037,0.7068341899866742,0.7349148493016417,0.7402597402597403,0.7364029459974635,0.8140740740740741,0.07993173599243164
LightGBM,0,0,train,0.9185667752442996,0.9059929906542057,0.9134899105273178,0.9059929906542057,0.9095355964167845,0.9181646473459248,0.9185667752442996,0.9181943554988351,0.9747079439252335,4.080704212188721
LightGBM,0,0,test,0.7402597402597403,0.7062962962962962,0.7142307692307692,0.7062962962962962,0.7096530920060332,0.7364035964035964,0.7402597402597403,0.7378112083994437,0.8114814814814815,4.080704212188721
CatBoost,0,0,train,0.8648208469055375,0.8430140186915889,0.8555367197432948,0.8430140186915889,0.8485954931000164,0.8635313847996705,0.8648208469055375,0.863609999606618,0.9374182242990654,0.25445103645324707
CatBoost,0,0,test,0.7597402597402597,0.7255555555555555,0.736734693877551,0.7255555555555555,0.7301444470755387,0.7556321229790618,0.7597402597402597,0.7568387094790126,0.8240740740740742,0.25445103645324707
TabNet,0,0,train,0.7638436482084691,0.7035864485981308,0.7538565747498143,0.7035864485981308,0.7155472911015472,0.7596615611976574,0.7638436482084691,0.7510537038362802,0.8367056074766355,36.759652614593506
TabNet,0,0,test,0.7662337662337663,0.7050000000000001,0.7605932203389831,0.7050000000000001,0.7174311926605504,0.7637574290116663,0.7662337662337663,0.7525080424162993,0.825925925925926,36.759652614593506
FT-Transformer (lite),0,0,train,0.8697068403908795,0.8489369158878505,0.8607367149758454,0.8489369158878505,0.8542415933720282,0.8685331791216228,0.8697068403908795,0.8686242730995598,0.9363785046728972,31.47417902946472
FT-Transformer (lite),0,0,test,0.7337662337662337,0.7098148148148149,0.7080808080808081,0.7098148148148149,0.7089115301277027,0.7349337531155714,0.7337662337662337,0.7343185605137567,0.807037037037037,31.47417902946472
IGTD-inspired,0,0,train,0.745928338762215,0.6757126168224299,0.7364045014459952,0.6757126168224299,0.6861310998387795,0.741465740705472,0.745928338762215,0.7276321686438504,0.8116471962616822,4.572070360183716
IGTD-inspired,0,0,test,0.7337662337662337,0.6544444444444445,0.7300689655172414,0.6544444444444445,0.66190093708166,0.7318405732198835,0.7337662337662337,0.7084615518350458,0.7964814814814815,4.572070360183716
Naive Reshape,0,0,train,0.750814332247557,0.6935864485981308,0.7329186871881369,0.6935864485981308,0.7036258837559272,0.7438679963363347,0.750814332247557,0.7394505834271237,0.8147429906542056,4.494659900665283
Naive Reshape,0,0,test,0.7467532467532467,0.672962962962963,0.7449514817728822,0.672962962962963,0.6831442891057768,0.7458523642630644,0.7467532467532467,0.7255502608707568,0.784074074074074,4.494659900665283
AG-T2I-step_row,0,0,train,0.7154471544715447,0.6425000000000001,0.6922172030867684,0.6425000000000001,0.648744618979703,,,,,22.584733486175537
AG-T2I-step_row,0,0,test,0.7058823529411765,0.6065094339622642,0.6958709229701596,0.6065094339622642,0.6025974025974026,,,,0.670377358490566,22.584733486175537
AG-T2I-packed,0,0,train,0.7365853658536585,0.6845639534883721,0.7121538173652695,0.6845639534883721,0.6924392472587177,,,,,22.586981534957886
AG-T2I-packed,0,0,test,0.7450980392156863,0.6719811320754717,0.7354080578512396,0.6719811320754717,0.6823529411764706,,,,0.6996226415094339,22.586981534957886
AG-T2I-packed_T,0,0,train,0.734959349593496,0.6897674418604651,0.7084291187739464,0.6897674418604651,0.6960660956567877,,,,,20.343767642974854
AG-T2I-packed_T,0,0,test,0.7450980392156863,0.6764150943396227,0.73109243697479,0.6764150943396227,0.6868209730751063,,,,0.6986792452830188,20.343767642974854
AG-T2I-step_sparse,0,0,train,0.7560975609756098,0.7307558139534883,0.731763716628127,0.7307558139534883,0.7312501456638777,,,,,22.858637809753418
AG-T2I-step_sparse,0,0,test,0.7450980392156863,0.6985849056603773,0.7194537114261885,0.6985849056603773,0.70566763675825,,,,0.7335849056603774,22.858637809753418
AG-T2I-attention_map,0,0,train,0.7821138211382114,0.7378488372093024,0.7675045118091701,0.7378488372093024,0.7477471410730465,,,,,25.526557207107544
AG-T2I-attention_map,0,0,test,0.7189542483660131,0.6519811320754717,0.6912393162393162,0.6519811320754717,0.65934862527831,,,,0.7945283018867925,25.526557207107544
XGBoost,0,1,train,0.9022801302931596,0.8804556074766355,0.9019426342812007,0.8804556074766355,0.8896120240192729,0.9022155658386979,0.9022801302931596,0.9009402344372678,0.9732359813084113,0.07997655868530273
XGBoost,0,1,test,0.7532467532467533,0.7077777777777778,0.7318181818181818,0.7077777777777778,0.7156462585034014,0.7467532467532467,0.7532467532467533,0.7465323791854404,0.8105555555555556,0.07997655868530273
LightGBM,0,1,train,0.9218241042345277,0.906320093457944,0.92006038647343,0.906320093457944,0.9125449560232168,0.9215933374246644,0.9218241042345277,0.9211745638597358,0.9768107476635515,7.114286661148071
LightGBM,0,1,test,0.7467532467532467,0.7027777777777777,0.7232415902140672,0.7027777777777777,0.7097288676236044,0.7401405933516025,0.7467532467532467,0.740694711986578,0.8018518518518518,7.114286661148071
CatBoost,0,1,train,0.8713355048859935,0.8458411214953272,0.8664178827373659,0.8458411214953272,0.8544739960697838,0.8703604591151449,0.8713355048859935,0.8694799321454536,0.93821261682243,0.23099112510681152
CatBoost,0,1,test,0.7207792207792207,0.6657407407407407,0.6931793654219728,0.6657407407407407,0.6727452433901655,0.710812606344659,0.7207792207792207,0.710195463049429,0.8077777777777778,0.23099112510681152
TabNet,0,1,train,0.762214983713355,0.6979906542056075,0.7553948161543098,0.6979906542056075,0.710261283274509,0.7591928735374907,0.762214983713355,0.7474281612807604,0.8214602803738319,24.490750312805176
TabNet,0,1,test,0.7597402597402597,0.7042592592592593,0.7459308807134895,0.7042592592592593,0.7150287571892973,0.7542891890717976,0.7597402597402597,0.7487456279654329,0.8035185185185185,24.490750312805176
FT-Transformer (lite),0,1,train,0.8827361563517915,0.8665420560747663,0.8733104892442414,0.8665420560747663,0.8697312588401698,0.8819895688581242,0.8827361563517915,0.8821998719183226,0.9367990654205608,29.80736255645752
FT-Transformer (lite),0,1,test,0.7597402597402597,0.7298148148148148,0.7362459546925566,0.7298148148148148,0.7326765188834155,0.7570293783886017,0.7597402597402597,0.7580832960143304,0.7733333333333333,29.80736255645752
IGTD-inspired,0,1,train,0.7817589576547231,0.7303738317757009,0.7714757709251101,0.7303738317757009,0.7424012824205688,0.7779814604887428,0.7817589576547231,0.7729034807270384,0.84428738317757,2.87882661819458
IGTD-inspired,0,1,test,0.7012987012987013,0.6592592592592592,0.6690251572327044,0.6592592592592592,0.6628593184846754,0.6946214163195296,0.7012987012987013,0.6968633878970829,0.7622222222222222,2.87882661819458
Naive Reshape,0,1,train,0.747557003257329,0.6878271028037384,0.7299715360519503,0.6878271028037384,0.6978682201304782,0.740455179962849,0.747557003257329,0.7349851424661981,0.808714953271028,4.833163499832153
Naive Reshape,0,1,test,0.7272727272727273,0.675,0.7008928571428572,0.675,0.6821933962264151,0.7182282003710575,0.7272727272727273,0.7179459691252145,0.7414814814814815,4.833163499832153
AG-T2I-step_row,0,1,train,0.7154471544715447,0.6425000000000001,0.6922172030867684,0.6425000000000001,0.648744618979703,,,,,19.518293380737305
AG-T2I-step_row,0,1,test,0.7058823529411765,0.6065094339622642,0.6958709229701596,0.6065094339622642,0.6025974025974026,,,,0.670377358490566,19.518293380737305
AG-T2I-packed,0,1,train,0.7365853658536585,0.6845639534883721,0.7121538173652695,0.6845639534883721,0.6924392472587177,,,,,18.608601570129395
AG-T2I-packed,0,1,test,0.7450980392156863,0.6719811320754717,0.7354080578512396,0.6719811320754717,0.6823529411764706,,,,0.6996226415094339,18.608601570129395
AG-T2I-packed_T,0,1,train,0.734959349593496,0.6897674418604651,0.7084291187739464,0.6897674418604651,0.6960660956567877,,,,,19.256553649902344
AG-T2I-packed_T,0,1,test,0.7450980392156863,0.6764150943396227,0.73109243697479,0.6764150943396227,0.6868209730751063,,,,0.6986792452830188,19.256553649902344
AG-T2I-step_sparse,0,1,train,0.7560975609756098,0.7307558139534883,0.731763716628127,0.7307558139534883,0.7312501456638777,,,,,20.651249647140503
AG-T2I-step_sparse,0,1,test,0.7450980392156863,0.6985849056603773,0.7194537114261885,0.6985849056603773,0.70566763675825,,,,0.7335849056603774,20.651249647140503
AG-T2I-attention_map,0,1,train,0.7821138211382114,0.7378488372093024,0.7675045118091701,0.7378488372093024,0.7477471410730465,,,,,19.682554721832275
AG-T2I-attention_map,0,1,test,0.7189542483660131,0.6519811320754717,0.6912393162393162,0.6519811320754717,0.65934862527831,,,,0.7945283018867925,19.682554721832275
XGBoost,0,2,train,0.9153094462540716,0.8948014018691589,0.9170986374407584,0.8948014018691589,0.9043304208167032,0.915651726307177,0.9153094462540716,0.9141482031789654,0.9699532710280374,0.09621167182922363
XGBoost,0,2,test,0.7792207792207793,0.749074074074074,0.7586538461538461,0.749074074074074,0.7532051282051282,0.7761738261738261,0.7792207792207793,0.7771395271395272,0.8233333333333334,0.09621167182922363
LightGBM,0,2,train,0.9136807817589576,0.8968107476635514,0.9112974511109766,0.8968107476635514,0.9033200136662756,0.9133497636134047,0.9136807817589576,0.9129075901102501,0.9794509345794393,3.4039254188537598
LightGBM,0,2,test,0.7597402597402597,0.717037037037037,0.7389398572884811,0.717037037037037,0.7246145667198298,0.7538901465506971,0.7597402597402597,0.7539924190641895,0.8196296296296296,3.4039254188537598
CatBoost,0,2,train,0.8631921824104235,0.8374182242990654,0.8564746248025277,0.8374182242990654,0.8454568336269821,0.8619070844332607,0.8631921824104235,0.8613163282121749,0.9398831775700935,0.2723414897918701
CatBoost,0,2,test,0.7597402597402597,0.7212962962962963,0.7376217935971365,0.7212962962962963,0.7274597024919883,0.7545792843068642,0.7597402597402597,0.7554767899150163,0.8311111111111111,0.2723414897918701
TabNet,0,2,train,0.7671009771986971,0.7126051401869158,0.7536481344687731,0.7126051401869158,0.7238470562703847,0.761988896961326,0.7671009771986971,0.7569549957463769,0.838732476635514,55.615057706832886
TabNet,0,2,test,0.7857142857142857,0.7285185185185186,0.785054285054285,0.7285185185185186,0.7426444523218716,0.7854337854337855,0.7857142857142857,0.7740922671798248,0.8542592592592592,55.615057706832886
FT-Transformer (lite),0,2,train,0.8631921824104235,0.8548014018691589,0.8476533882783883,0.8548014018691589,0.8509450320790706,0.865064326281753,0.8631921824104235,0.8638880432247048,0.9355140186915889,30.180953979492188
FT-Transformer (lite),0,2,test,0.7727272727272727,0.7738888888888888,0.7556611927398444,0.7738888888888888,0.7603485838779956,0.7883711793824154,0.7727272727272727,0.7766177177941883,0.8255555555555556,30.180953979492188
IGTD-inspired,0,2,train,0.7703583061889251,0.7129322429906542,0.7607097392473503,0.7129322429906542,0.7251575421832093,0.766461769539443,0.7703583061889251,0.7589219683079609,0.8327453271028038,3.176964521408081
IGTD-inspired,0,2,test,0.7207792207792207,0.6827777777777778,0.6918367346938776,0.6827777777777778,0.6863840871418423,0.7156109196925524,0.7207792207792207,0.7174071488539876,0.8077777777777778,3.176964521408081
Naive Reshape,0,2,train,0.754071661237785,0.6917406542056075,0.7413499007425924,0.6917406542056075,0.702812120357341,0.7486531336194623,0.754071661237785,0.740201432528959,0.8063785046728974,2.9835405349731445
Naive Reshape,0,2,test,0.7012987012987013,0.6464814814814814,0.6681547619047619,0.6464814814814814,0.6519261006289309,0.689935064935065,0.7012987012987013,0.691083680470473,0.7859259259259259,2.9835405349731445
AG-T2I-step_row,0,2,train,0.7154471544715447,0.6425000000000001,0.6922172030867684,0.6425000000000001,0.648744618979703,,,,,18.91628360748291
AG-T2I-step_row,0,2,test,0.7058823529411765,0.6065094339622642,0.6958709229701596,0.6065094339622642,0.6025974025974026,,,,0.670377358490566,18.91628360748291
AG-T2I-packed,0,2,train,0.7365853658536585,0.6845639534883721,0.7121538173652695,0.6845639534883721,0.6924392472587177,,,,,20.494486808776855
AG-T2I-packed,0,2,test,0.7450980392156863,0.6719811320754717,0.7354080578512396,0.6719811320754717,0.6823529411764706,,,,0.6996226415094339,20.494486808776855
AG-T2I-packed_T,0,2,train,0.734959349593496,0.6897674418604651,0.7084291187739464,0.6897674418604651,0.6960660956567877,,,,,19.92232871055603
AG-T2I-packed_T,0,2,test,0.7450980392156863,0.6764150943396227,0.73109243697479,0.6764150943396227,0.6868209730751063,,,,0.6986792452830188,19.92232871055603
AG-T2I-step_sparse,0,2,train,0.7560975609756098,0.7307558139534883,0.731763716628127,0.7307558139534883,0.7312501456638777,,,,,24.978927850723267
AG-T2I-step_sparse,0,2,test,0.7450980392156863,0.6985849056603773,0.7194537114261885,0.6985849056603773,0.70566763675825,,,,0.7335849056603774,24.978927850723267
AG-T2I-attention_map,0,2,train,0.7821138211382114,0.7378488372093024,0.7675045118091701,0.7378488372093024,0.7477471410730465,,,,,22.53852343559265
AG-T2I-attention_map,0,2,test,0.7189542483660131,0.6519811320754717,0.6912393162393162,0.6519811320754717,0.65934862527831,,,,0.7945283018867925,22.53852343559265
XGBoost,0,3,train,0.9040650406504065,0.8789244186046512,0.9083953680727874,0.8789244186046512,0.8908488729924284,0.9050986167429913,0.9040650406504065,0.9022740646593721,0.9691046511627908,0.08493375778198242
XGBoost,0,3,test,0.7908496732026143,0.760188679245283,0.7706043956043955,0.760188679245283,0.7647058823529411,0.7879049055519645,0.7908496732026143,0.78879917980264,0.8767924528301887,0.08493375778198242
LightGBM,0,3,train,0.9121951219512195,0.8905523255813954,0.9147424182554579,0.8905523255813954,0.9007305466545508,0.912719886855097,0.9121951219512195,0.9108786156970566,0.9760348837209303,2.426367998123169
LightGBM,0,3,test,0.7777777777777778,0.7413207547169811,0.7567242071457246,0.7413207547169811,0.7474757281553398,0.7734956956153264,0.7777777777777778,0.7743473570658037,0.8577358490566037,2.426367998123169
CatBoost,0,3,train,0.8699186991869918,0.8386918604651163,0.8707958856328131,0.8386918604651163,0.8510282682944554,0.8701544647139318,0.8699186991869918,0.8669859382265068,0.9360232558139535,0.25110936164855957
CatBoost,0,3,test,0.7843137254901961,0.750754716981132,0.7636904761904761,0.750754716981132,0.7561458584882879,0.7806956115779645,0.7843137254901961,0.7816052767400126,0.8864150943396226,0.25110936164855957
TabNet,0,3,train,0.7447154471544716,0.6843604651162791,0.7273118279569892,0.6843604651162791,0.6941800617626099,0.7375330011364629,0.7447154471544716,0.7315762469525875,0.7967906976744187,20.709182500839233
TabNet,0,3,test,0.8431372549019608,0.7868867924528302,0.8681598062953995,0.7868867924528302,0.8085904920767306,0.8539904097232114,0.8431372549019608,0.8335704590426664,0.8928301886792452,20.709182500839233
FT-Transformer (lite),0,3,train,0.8390243902439024,0.823546511627907,0.8228557504873294,0.823546511627907,0.8231983715142768,0.8392010966893295,0.8390243902439024,0.8391104012152591,0.909860465116279,28.020100355148315
FT-Transformer (lite),0,3,test,0.8104575163398693,0.7884905660377358,0.7911271896420411,0.7884905660377358,0.7897654584221748,0.8096685234134273,0.8104575163398693,0.8100264317999174,0.8743396226415094,28.020100355148315
IGTD-inspired,0,3,train,0.7333333333333333,0.6820639534883721,0.7077307824979435,0.6820639534883721,0.6895316193853428,0.7248299590486551,0.7333333333333333,0.724610914105595,0.7990813953488373,4.494827747344971
IGTD-inspired,0,3,test,0.7908496732026143,0.7513207547169811,0.774074074074074,0.7513207547169811,0.7598116169544741,0.7865892035826676,0.7908496732026143,0.7863350468392485,0.8383018867924529,4.494827747344971
Naive Reshape,0,3,train,0.7430894308943089,0.6874127906976745,0.7222980801059251,0.6874127906976745,0.6964803338497676,0.7352489215060969,0.7430894308943089,0.7322591012905981,0.8091511627906977,4.356707811355591
Naive Reshape,0,3,test,0.7777777777777778,0.7413207547169811,0.7567242071457246,0.7413207547169811,0.7474757281553398,0.7734956956153264,0.7777777777777778,0.7743473570658037,0.8341509433962264,4.356707811355591
AG-T2I-step_row,0,3,train,0.7154471544715447,0.6425000000000001,0.6922172030867684,0.6425000000000001,0.648744618979703,,,,,17.45623803138733
AG-T2I-step_row,0,3,test,0.7058823529411765,0.6065094339622642,0.6958709229701596,0.6065094339622642,0.6025974025974026,,,,0.670377358490566,17.45623803138733
AG-T2I-packed,0,3,train,0.7365853658536585,0.6845639534883721,0.7121538173652695,0.6845639534883721,0.6924392472587177,,,,,18.90342092514038
AG-T2I-packed,0,3,test,0.7450980392156863,0.6719811320754717,0.7354080578512396,0.6719811320754717,0.6823529411764706,,,,0.6996226415094339,18.90342092514038
AG-T2I-packed_T,0,3,train,0.734959349593496,0.6897674418604651,0.7084291187739464,0.6897674418604651,0.6960660956567877,,,,,23.54529857635498
AG-T2I-packed_T,0,3,test,0.7450980392156863,0.6764150943396227,0.73109243697479,0.6764150943396227,0.6868209730751063,,,,0.6986792452830188,23.54529857635498
AG-T2I-step_sparse,0,3,train,0.7560975609756098,0.7307558139534883,0.731763716628127,0.7307558139534883,0.7312501456638777,,,,,23.527878761291504
AG-T2I-step_sparse,0,3,test,0.7450980392156863,0.6985849056603773,0.7194537114261885,0.6985849056603773,0.70566763675825,,,,0.7335849056603774,23.527878761291504
AG-T2I-attention_map,0,3,train,0.7821138211382114,0.7378488372093024,0.7675045118091701,0.7378488372093024,0.7477471410730465,,,,,24.528716802597046
AG-T2I-attention_map,0,3,test,0.7189542483660131,0.6519811320754717,0.6912393162393162,0.6519811320754717,0.65934862527831,,,,0.7945283018867925,24.528716802597046
XGBoost,0,4,train,0.9056910569105691,0.8855523255813953,0.9048534798534799,0.8855523255813953,0.8939024390243903,0.9055421543226421,0.9056910569105691,0.904540947848503,0.9759418604651162,0.08624935150146484
XGBoost,0,4,test,0.7320261437908496,0.6752830188679245,0.7055309734513274,0.6752830188679245,0.6833257610177192,0.722589507779513,0.7320261437908496,0.7214743941900047,0.7977358490566038,0.08624935150146484
LightGBM,0,4,train,0.9252032520325203,0.9113081395348837,0.9229339040604525,0.9113081395348837,0.9166509534023146,0.9249426570500819,0.9252032520325203,0.9246822998316957,0.979720930232558,2.618314266204834
LightGBM,0,4,test,0.7254901960784313,0.6702830188679245,0.696537456445993,0.6702830188679245,0.6775391409072662,0.7157033545125366,0.7254901960784313,0.7157374390944656,0.7824528301886793,2.618314266204834
CatBoost,0,4,train,0.8634146341463415,0.8369186046511627,0.8577867233033685,0.8369186046511627,0.8455808503515233,0.8622552362044414,0.8634146341463415,0.8613667355287546,0.9412558139534885,0.12706375122070312
CatBoost,0,4,test,0.7320261437908496,0.6708490566037736,0.7072082379862701,0.6708490566037736,0.6793764375159724,0.7223568298410135,0.7320261437908496,0.7192883116275729,0.8149056603773586,0.12706375122070312
TabNet,0,4,train,0.7707317073170732,0.750610465116279,0.7480149597238205,0.750610465116279,0.7492517891997398,0.7720298071795446,0.7707317073170732,0.7713283717092214,0.8436511627906977,33.23015737533569
TabNet,0,4,test,0.7908496732026143,0.7557547169811321,0.7720794861501405,0.7557547169811321,0.7623300970873786,0.7870320080393993,0.7908496732026143,0.7876210419442858,0.8132075471698113,33.23015737533569
FT-Transformer (lite),0,4,train,0.8699186991869918,0.8548255813953489,0.8579724086152691,0.8548255813953489,0.856352042603882,0.8694235161581122,0.8699186991869918,0.8696315741799417,0.9326279069767442,34.904054403305054
FT-Transformer (lite),0,4,test,0.7581699346405228,0.730754716981132,0.732863670982483,0.730754716981132,0.7317697228144989,0.7571370259197866,0.7581699346405228,0.7576199302274808,0.8088679245283019,34.904054403305054
IGTD-inspired,0,4,train,0.767479674796748,0.722296511627907,0.7491398858393932,0.722296511627907,0.7311775368410113,0.7618472302480472,0.767479674796748,0.7608938887074329,0.8256976744186046,3.02923321723938
IGTD-inspired,0,4,test,0.7516339869281046,0.6858490566037736,0.7384987893462469,0.6858490566037736,0.6969349457881568,0.7459367927962145,0.7516339869281046,0.7364865601508883,0.8088679245283019,3.02923321723938
Naive Reshape,0,4,train,0.7382113821138211,0.6825872093023256,0.7156936813186813,0.6825872093023256,0.6911812865497076,0.7298149513088538,0.7382113821138211,0.7274336518803785,0.8054767441860465,2.9060616493225098
Naive Reshape,0,4,test,0.7320261437908496,0.6664150943396226,0.7094017094017093,0.6664150943396226,0.6751928752653653,0.7225294676275068,0.7320261437908496,0.7169298068387678,0.7984905660377359,2.9060616493225098
AG-T2I-step_row,0,4,train,0.7154471544715447,0.6425000000000001,0.6922172030867684,0.6425000000000001,0.648744618979703,,,,,18.24466824531555
AG-T2I-step_row,0,4,test,0.7058823529411765,0.6065094339622642,0.6958709229701596,0.6065094339622642,0.6025974025974026,,,,0.670377358490566,18.24466824531555
AG-T2I-packed,0,4,train,0.7365853658536585,0.6845639534883721,0.7121538173652695,0.6845639534883721,0.6924392472587177,,,,,22.876615524291992
AG-T2I-packed,0,4,test,0.7450980392156863,0.6719811320754717,0.7354080578512396,0.6719811320754717,0.6823529411764706,,,,0.6996226415094339,22.876615524291992
AG-T2I-packed_T,0,4,train,0.734959349593496,0.6897674418604651,0.7084291187739464,0.6897674418604651,0.6960660956567877,,,,,30.460400819778442
AG-T2I-packed_T,0,4,test,0.7450980392156863,0.6764150943396227,0.73109243697479,0.6764150943396227,0.6868209730751063,,,,0.6986792452830188,30.460400819778442
AG-T2I-step_sparse,0,4,train,0.7560975609756098,0.7307558139534883,0.731763716628127,0.7307558139534883,0.7312501456638777,,,,,25.3390691280365
AG-T2I-step_sparse,0,4,test,0.7450980392156863,0.6985849056603773,0.7194537114261885,0.6985849056603773,0.70566763675825,,,,0.7335849056603774,25.3390691280365
AG-T2I-attention_map,0,4,train,0.7821138211382114,0.7378488372093024,0.7675045118091701,0.7378488372093024,0.7477471410730465,,,,,21.82326340675354
AG-T2I-attention_map,0,4,test,0.7189542483660131,0.6519811320754717,0.6912393162393162,0.6519811320754717,0.65934862527831,,,,0.7945283018867925,21.82326340675354
XGBoost,1,0,train,0.9120521172638436,0.8944742990654206,0.9099528943278943,0.8944742990654206,0.9013777841233581,0.9117439744475574,0.9120521172638436,0.9112066255299438,0.9707009345794393,0.09294605255126953
XGBoost,1,0,test,0.7337662337662337,0.6927777777777777,0.7069994034599324,0.6927777777777777,0.6979958865451763,0.7275206400280967,0.7337662337662337,0.7290418482842073,0.8055555555555556,0.09294605255126953
LightGBM,1,0,train,0.9201954397394136,0.9072429906542057,0.9157671894567356,0.9072429906542057,0.9112431446937939,0.9198047117732949,0.9201954397394136,0.9197822568911542,0.9784345794392524,2.745774269104004
LightGBM,1,0,test,0.7402597402597403,0.702037037037037,0.7144261006289309,0.702037037037037,0.7068341899866742,0.7349148493016417,0.7402597402597403,0.7364029459974635,0.8,2.745774269104004
CatBoost,1,0,train,0.8566775244299675,0.8248130841121495,0.8536324786324787,0.8248130841121495,0.8360042735042735,0.8558979927058104,0.8566775244299675,0.8536429187894987,0.9352570093457944,0.18580007553100586
CatBoost,1,0,test,0.7142857142857143,0.6692592592592592,0.6839774557165862,0.6692592592592592,0.6742307692307692,0.7064642282033586,0.7142857142857143,0.7083516483516483,0.8161111111111111,0.18580007553100586
TabNet,1,0,train,0.7866449511400652,0.7308644859813085,0.782665598672636,0.7308644859813085,0.7446499150780171,0.7850379049512958,0.7866449511400652,0.7760197010520772,0.83857476635514,45.20232629776001
TabNet,1,0,test,0.7792207792207793,0.7235185185185186,0.7738203266787659,0.7235185185185186,0.7365136876006442,0.7770052089471327,0.7792207792207793,0.7681995942865508,0.8657407407407407,45.20232629776001
FT-Transformer (lite),1,0,train,0.8566775244299675,0.8269859813084113,0.8515978293638831,0.8269859813084113,0.8368599033816425,0.8555020578031048,0.8566775244299675,0.8540845646666352,0.9237967289719626,43.61663103103638
FT-Transformer (lite),1,0,test,0.7857142857142857,0.7540740740740741,0.7666666666666666,0.7540740740740741,0.7593180203646697,0.782312925170068,0.7857142857142857,0.7831264165623626,0.8057407407407408,43.61663103103638
IGTD-inspired,1,0,train,0.7654723127035831,0.7157009345794392,0.7482788296041307,0.7157009345794392,0.7256206554121152,0.7596192120739823,0.7654723127035831,0.757297613772,0.8207009345794394,4.407258987426758
IGTD-inspired,1,0,test,0.7142857142857143,0.6437037037037037,0.6901960784313725,0.6437037037037037,0.65,0.7030812324929973,0.7142857142857143,0.6948051948051948,0.7994444444444445,4.407258987426758
Naive Reshape,1,0,train,0.762214983713355,0.7251518691588785,0.7392378351539226,0.7251518691588785,0.7307146976833605,0.7575017224703945,0.762214983713355,0.7586149510242128,0.8176869158878505,4.02525520324707
Naive Reshape,1,0,test,0.7012987012987013,0.6464814814814814,0.6681547619047619,0.6464814814814814,0.6519261006289309,0.689935064935065,0.7012987012987013,0.691083680470473,0.7825925925925926,4.02525520324707
AG-T2I-step_row,1,0,train,0.7235772357723578,0.668110465116279,0.6962307942885064,0.668110465116279,0.6753670169163126,,,,,26.16410756111145
AG-T2I-step_row,1,0,test,0.7254901960784313,0.6481132075471698,0.7075621364357483,0.6481132075471698,0.6554054054054055,,,,0.6735849056603774,26.16410756111145
AG-T2I-packed,1,0,train,0.7219512195121951,0.6614825581395349,0.6956151224047102,0.6614825581395349,0.6689895470383276,,,,,27.049652338027954
AG-T2I-packed,1,0,test,0.738562091503268,0.6536792452830189,0.7394179894179894,0.6536792452830189,0.661504424778761,,,,0.6745283018867925,27.049652338027954
AG-T2I-packed_T,1,0,train,0.7463414634146341,0.7049709302325582,0.7215901948460088,0.7049709302325582,0.7110240963855421,,,,,29.026400089263916
AG-T2I-packed_T,1,0,test,0.7450980392156863,0.6808490566037736,0.7275641025641025,0.6808490566037736,0.6910371252524207,,,,0.7181132075471698,29.026400089263916
AG-T2I-step_sparse,1,0,train,0.7788617886178861,0.724593023255814,0.770897615708275,0.724593023255814,0.7371464487743558,,,,,24.64391827583313
AG-T2I-step_sparse,1,0,test,0.7581699346405228,0.6997169811320755,0.7422196796338673,0.6997169811320755,0.7106567850753898,,,,0.7596226415094339,24.64391827583313
AG-T2I-attention_map,1,0,train,0.767479674796748,0.7072383720930233,0.7602812746443905,0.7072383720930233,0.7196605771590869,,,,,22.530288219451904
AG-T2I-attention_map,1,0,test,0.7320261437908496,0.6531132075471698,0.7199186991869919,0.6531132075471698,0.6610837970716948,,,,0.7928301886792454,22.530288219451904
XGBoost,1,1,train,0.9087947882736156,0.8908878504672897,0.9062257187257188,0.8908878504672897,0.8977251094612602,0.9084176771473189,0.9087947882736156,0.9079179820310528,0.9701985981308411,0.1396021842956543
XGBoost,1,1,test,0.8116883116883117,0.8081481481481481,0.7933192314472061,0.8081481481481481,0.7987835097995044,0.8197247842937955,0.8116883116883117,0.8140045581811746,0.8538888888888889,0.1396021842956543
LightGBM,1,1,train,0.9267100977198697,0.910070093457944,0.9272967412871733,0.910070093457944,0.9177156947707923,0.9268007608166349,0.9267100977198697,0.9259568718571392,0.9813785046728972,0.7343466281890869
LightGBM,1,1,test,0.7857142857142857,0.7711111111111111,0.7647856755290288,0.7711111111111111,0.7675950061736865,0.7888535772420743,0.7857142857142857,0.7869784214961881,0.8264814814814815,0.7343466281890869
CatBoost,1,1,train,0.8794788273615635,0.8564369158878504,0.8744599901816397,0.8564369158878504,0.8641917742706839,0.8785905375952053,0.8794788273615635,0.8779946474498277,0.9476518691588784,0.3177635669708252
CatBoost,1,1,test,0.7857142857142857,0.7753703703703704,0.7652988403211418,0.7753703703703704,0.7693669162695711,0.7913852427679368,0.7857142857142857,0.7877078673538851,0.8453703703703703,0.3177635669708252
TabNet,1,1,train,0.760586319218241,0.7184696261682243,0.7386153394663979,0.7184696261682243,0.7256887565152643,0.7548320149975203,0.760586319218241,0.755327782372587,0.8308995327102806,48.945568561553955
TabNet,1,1,test,0.8051948051948052,0.7861111111111111,0.7861111111111111,0.7861111111111111,0.7861111111111111,0.8051948051948052,0.8051948051948052,0.8051948051948052,0.8512962962962962,48.945568561553955
FT-Transformer (lite),1,1,train,0.8729641693811075,0.854696261682243,0.8630081300813008,0.854696261682243,0.8585504164451533,0.8719975636238446,0.8729641693811075,0.8722287738231507,0.9382242990654207,43.06961512565613
FT-Transformer (lite),1,1,test,0.7922077922077922,0.7974074074074073,0.7765151515151515,0.7974074074074073,0.7815602836879432,0.8093270365997639,0.7922077922077922,0.7959657363912682,0.8305555555555556,43.06961512565613
IGTD-inspired,1,1,train,0.757328990228013,0.7007593457943925,0.7415489493288354,0.7007593457943925,0.711374226664269,0.751203842773727,0.757328990228013,0.7462623328800093,0.8235747663551402,4.460939407348633
IGTD-inspired,1,1,test,0.7467532467532467,0.7027777777777777,0.7232415902140672,0.7027777777777777,0.7097288676236044,0.7401405933516025,0.7467532467532467,0.740694711986578,0.7918518518518518,4.460939407348633
Naive Reshape,1,1,train,0.742671009771987,0.6710397196261682,0.7326923076923078,0.6710397196261682,0.6809823213721982,0.7379353545477324,0.742671009771987,0.7234789733809416,0.8128504672897197,4.216095685958862
Naive Reshape,1,1,test,0.7272727272727273,0.6792592592592592,0.7,0.6792592592592592,0.6857142857142857,0.71900826446281,0.7272727272727273,0.7198515769944341,0.7690740740740741,4.216095685958862
AG-T2I-step_row,1,1,train,0.7235772357723578,0.668110465116279,0.6962307942885064,0.668110465116279,0.6753670169163126,,,,,22.690595388412476
AG-T2I-step_row,1,1,test,0.7254901960784313,0.6481132075471698,0.7075621364357483,0.6481132075471698,0.6554054054054055,,,,0.6735849056603774,22.690595388412476
AG-T2I-packed,1,1,train,0.7219512195121951,0.6614825581395349,0.6956151224047102,0.6614825581395349,0.6689895470383276,,,,,22.612688064575195
AG-T2I-packed,1,1,test,0.738562091503268,0.6536792452830189,0.7394179894179894,0.6536792452830189,0.661504424778761,,,,0.6745283018867925,22.612688064575195
AG-T2I-packed_T,1,1,train,0.7463414634146341,0.7049709302325582,0.7215901948460088,0.7049709302325582,0.7110240963855421,,,,,23.768514394760132
AG-T2I-packed_T,1,1,test,0.7450980392156863,0.6808490566037736,0.7275641025641025,0.6808490566037736,0.6910371252524207,,,,0.7181132075471698,23.768514394760132
AG-T2I-step_sparse,1,1,train,0.7788617886178861,0.724593023255814,0.770897615708275,0.724593023255814,0.7371464487743558,,,,,22.18772602081299
AG-T2I-step_sparse,1,1,test,0.7581699346405228,0.6997169811320755,0.7422196796338673,0.6997169811320755,0.7106567850753898,,,,0.7596226415094339,22.18772602081299
AG-T2I-attention_map,1,1,train,0.767479674796748,0.7072383720930233,0.7602812746443905,0.7072383720930233,0.7196605771590869,,,,,23.416908502578735
AG-T2I-attention_map,1,1,test,0.7320261437908496,0.6531132075471698,0.7199186991869919,0.6531132075471698,0.6610837970716948,,,,0.7928301886792454,23.416908502578735
XGBoost,1,2,train,0.9055374592833876,0.8818691588785046,0.908151033862751,0.8818691588785046,0.8927517376796406,0.9061084923847611,0.9055374592833876,0.9039693990867016,0.966588785046729,0.14028429985046387
XGBoost,1,2,test,0.7922077922077922,0.7335185185185186,0.7968455743879472,0.7335185185185186,0.7488277268093781,0.7942438917015188,0.7922077922077922,0.7800071488144883,0.8820370370370371,0.14028429985046387
LightGBM,1,2,train,0.9120521172638436,0.8944742990654206,0.9099528943278943,0.8944742990654206,0.9013777841233581,0.9117439744475574,0.9120521172638436,0.9112066255299438,0.9730957943925234,0.41043996810913086
LightGBM,1,2,test,0.7987012987012987,0.7385185185185186,0.8092436974789916,0.7385185185185186,0.7550664409214509,0.8034704791007312,0.7987012987012987,0.785946494119497,0.8822222222222222,0.41043996810913086
CatBoost,1,2,train,0.8599348534201955,0.8327453271028038,0.8535625620655412,0.8327453271028038,0.8413798904162262,0.8586277167320612,0.8599348534201955,0.8578142862197419,0.930035046728972,0.19064640998840332
CatBoost,1,2,test,0.7987012987012987,0.73,0.8257277734067663,0.73,0.7481403323661303,0.8122145360540325,0.7987012987012987,0.7818476432562426,0.8985185185185185,0.19064640998840332
TabNet,1,2,train,0.745928338762215,0.7050467289719626,0.7204803537332931,0.7050467289719626,0.7107971014492753,0.7400395488381669,0.745928338762215,0.7413317282726716,0.8041705607476636,32.36738443374634
TabNet,1,2,test,0.8246753246753247,0.7798148148148148,0.8261385711202245,0.7798148148148148,0.7945144551519644,0.8252037192248718,0.8246753246753247,0.8180297093566182,0.8744444444444445,32.36738443374634
FT-Transformer (lite),1,2,train,0.8697068403908795,0.8532827102803738,0.8581020272830617,0.8532827102803738,0.8555854785789047,0.8690035183843451,0.8697068403908795,0.8692655478342552,0.9275700934579441,43.290343284606934
FT-Transformer (lite),1,2,test,0.7792207792207793,0.7192592592592593,0.7787193973634652,0.7192592592592593,0.7331294597349644,0.7790006603565925,0.7792207792207793,0.7662575956153937,0.8674074074074074,43.290343284606934
IGTD-inspired,1,2,train,0.754071661237785,0.6939135514018692,0.7395756657285126,0.6939135514018692,0.7047277822895269,0.7481081187814387,0.754071661237785,0.7412933658926186,0.8098714953271027,4.3818583488464355
IGTD-inspired,1,2,test,0.7727272727272727,0.6972222222222222,0.7937931034482759,0.6972222222222222,0.7113788487282463,0.7836990595611285,0.7727272727272727,0.7511257149811367,0.8346296296296296,4.3818583488464355
Naive Reshape,1,2,train,0.7328990228013029,0.6798364485981307,0.7069976333907056,0.6798364485981307,0.6875124131082423,0.7240815285338655,0.7328990228013029,0.723588949018111,0.7833411214953272,4.182574510574341
Naive Reshape,1,2,test,0.7857142857142857,0.72,0.7975206611570248,0.72,0.735684194102044,0.7913491467210476,0.7857142857142857,0.7700332122238815,0.8477777777777779,4.182574510574341
AG-T2I-step_row,1,2,train,0.7235772357723578,0.668110465116279,0.6962307942885064,0.668110465116279,0.6753670169163126,,,,,24.528960704803467
AG-T2I-step_row,1,2,test,0.7254901960784313,0.6481132075471698,0.7075621364357483,0.6481132075471698,0.6554054054054055,,,,0.6735849056603774,24.528960704803467
AG-T2I-packed,1,2,train,0.7219512195121951,0.6614825581395349,0.6956151224047102,0.6614825581395349,0.6689895470383276,,,,,23.369991064071655
AG-T2I-packed,1,2,test,0.738562091503268,0.6536792452830189,0.7394179894179894,0.6536792452830189,0.661504424778761,,,,0.6745283018867925,23.369991064071655
AG-T2I-packed_T,1,2,train,0.7463414634146341,0.7049709302325582,0.7215901948460088,0.7049709302325582,0.7110240963855421,,,,,27.867302179336548
AG-T2I-packed_T,1,2,test,0.7450980392156863,0.6808490566037736,0.7275641025641025,0.6808490566037736,0.6910371252524207,,,,0.7181132075471698,27.867302179336548
AG-T2I-step_sparse,1,2,train,0.7788617886178861,0.724593023255814,0.770897615708275,0.724593023255814,0.7371464487743558,,,,,27.781571865081787
AG-T2I-step_sparse,1,2,test,0.7581699346405228,0.6997169811320755,0.7422196796338673,0.6997169811320755,0.7106567850753898,,,,0.7596226415094339,27.781571865081787
AG-T2I-attention_map,1,2,train,0.767479674796748,0.7072383720930233,0.7602812746443905,0.7072383720930233,0.7196605771590869,,,,,26.796576261520386
AG-T2I-attention_map,1,2,test,0.7320261437908496,0.6531132075471698,0.7199186991869919,0.6531132075471698,0.6610837970716948,,,,0.7928301886792454,26.796576261520386
XGBoost,1,3,train,0.9121951219512195,0.892703488372093,0.9123626373626373,0.892703488372093,0.901219512195122,0.9122249024688048,0.9121951219512195,0.9111243307555027,0.9746046511627908,0.1328878402709961
XGBoost,1,3,test,0.7516339869281046,0.7213207547169811,0.7254901960784315,0.7213207547169811,0.7232482863670983,0.7495834935281303,0.7516339869281046,0.7504753869052064,0.8107547169811321,0.1328878402709961
LightGBM,1,3,train,0.9219512195121952,0.9098837209302325,0.9173770957658426,0.9098837209302325,0.9134249917882784,0.9215871101592517,0.9219512195121952,0.9215978007464369,0.9799534883720931,3.3158059120178223
LightGBM,1,3,test,0.7450980392156863,0.7163207547169812,0.7182977913175933,0.7163207547169812,0.71727078891258,0.7440041515463763,0.7450980392156863,0.7445183048343715,0.7984905660377358,3.3158059120178223
CatBoost,1,3,train,0.8682926829268293,0.8449709302325581,0.8612524962252204,0.8449709302325581,0.8520093045640491,0.8670930098566001,0.8682926829268293,0.86677609376559,0.9385813953488372,0.3643918037414551
CatBoost,1,3,test,0.738562091503268,0.7024528301886792,0.7105572998430141,0.7024528301886792,0.7058823529411764,0.7344886672617764,0.738562091503268,0.7359989747532999,0.8247169811320755,0.3643918037414551
TabNet,1,3,train,0.7723577235772358,0.7335755813953488,0.7525141420490258,0.7335755813953488,0.7406626506024097,0.7674980709580823,0.7723577235772358,0.767935155255167,0.8489302325581395,57.09627366065979
TabNet,1,3,test,0.7843137254901961,0.7463207547169811,0.7652377082486794,0.7463207547169811,0.7536231884057971,0.7799356231724709,0.7843137254901961,0.780335322534811,0.8035849056603774,57.09627366065979
FT-Transformer (lite),1,3,train,0.8601626016260162,0.8430232558139534,0.8476559737902751,0.8430232558139534,0.8452350297298563,0.8594007765801843,0.8601626016260162,0.8596936726659273,0.9338837209302324,43.44972491264343
FT-Transformer (lite),1,3,test,0.7124183006535948,0.6824528301886792,0.6824528301886792,0.6824528301886792,0.6824528301886792,0.7124183006535948,0.7124183006535948,0.7124183006535948,0.7977358490566038,43.44972491264343
IGTD-inspired,1,3,train,0.7495934959349594,0.695639534883721,0.7301830519604893,0.695639534883721,0.7050488315312173,0.7424387930365198,0.7495934959349594,0.7395290110905993,0.8081976744186047,4.151677131652832
IGTD-inspired,1,3,test,0.7320261437908496,0.6708490566037736,0.7072082379862701,0.6708490566037736,0.6793764375159724,0.7223568298410135,0.7320261437908496,0.7192883116275729,0.7971698113207547,4.151677131652832
Naive Reshape,1,3,train,0.7398373983739838,0.6892151162790698,0.715890094727625,0.6892151162790698,0.6971040189125295,0.7318837812784422,0.7398373983739838,0.7313277210786292,0.8060813953488373,4.209645986557007
Naive Reshape,1,3,test,0.7516339869281046,0.7035849056603773,0.7281183932346723,0.7035849056603773,0.7116071428571429,0.7446144067211099,0.7516339869281046,0.7446117335823217,0.7969811320754717,4.209645986557007
AG-T2I-step_row,1,3,train,0.7235772357723578,0.668110465116279,0.6962307942885064,0.668110465116279,0.6753670169163126,,,,,22.96062397956848
AG-T2I-step_row,1,3,test,0.7254901960784313,0.6481132075471698,0.7075621364357483,0.6481132075471698,0.6554054054054055,,,,0.6735849056603774,22.96062397956848
AG-T2I-packed,1,3,train,0.7219512195121951,0.6614825581395349,0.6956151224047102,0.6614825581395349,0.6689895470383276,,,,,23.727423667907715
AG-T2I-packed,1,3,test,0.738562091503268,0.6536792452830189,0.7394179894179894,0.6536792452830189,0.661504424778761,,,,0.6745283018867925,23.727423667907715
AG-T2I-packed_T,1,3,train,0.7463414634146341,0.7049709302325582,0.7215901948460088,0.7049709302325582,0.7110240963855421,,,,,27.917291402816772
AG-T2I-packed_T,1,3,test,0.7450980392156863,0.6808490566037736,0.7275641025641025,0.6808490566037736,0.6910371252524207,,,,0.7181132075471698,27.917291402816772
AG-T2I-step_sparse,1,3,train,0.7788617886178861,0.724593023255814,0.770897615708275,0.724593023255814,0.7371464487743558,,,,,27.97058606147766
AG-T2I-step_sparse,1,3,test,0.7581699346405228,0.6997169811320755,0.7422196796338673,0.6997169811320755,0.7106567850753898,,,,0.7596226415094339,27.97058606147766
AG-T2I-attention_map,1,3,train,0.767479674796748,0.7072383720930233,0.7602812746443905,0.7072383720930233,0.7196605771590869,,,,,26.460652828216553
AG-T2I-attention_map,1,3,test,0.7320261437908496,0.6531132075471698,0.7199186991869919,0.6531132075471698,0.6610837970716948,,,,0.7928301886792454,26.460652828216553
XGBoost,1,4,train,0.9089430894308943,0.8902034883720931,0.9075182765404513,0.8902034883720931,0.8978090061006005,0.9087109932134466,0.9089430894308943,0.9079558308104743,0.9734186046511627,0.14149069786071777
XGBoost,1,4,test,0.7254901960784313,0.6835849056603773,0.6953030911280611,0.6835849056603773,0.6880582524271844,0.7193504459190341,0.7254901960784313,0.7212526175518751,0.7971698113207548,0.14149069786071777
LightGBM,1,4,train,0.9235772357723577,0.9122093023255814,0.9187535437535437,0.9122093023255814,0.9153242461792648,0.9232378805549537,0.9235772357723577,0.9232763455267763,0.9810581395348837,1.5113961696624756
LightGBM,1,4,test,0.738562091503268,0.7024528301886792,0.7105572998430141,0.7024528301886792,0.7058823529411764,0.7344886672617764,0.738562091503268,0.7359989747532999,0.7967924528301887,1.5113961696624756
CatBoost,1,4,train,0.8796747967479674,0.8558720930232558,0.8757704491319402,0.8558720930232558,0.8643015600400744,0.8789246164199972,0.8796747967479674,0.8780409261799788,0.9510116279069767,0.3322873115539551
CatBoost,1,4,test,0.7189542483660131,0.6697169811320755,0.6875521267723103,0.6697169811320755,0.6754797020667884,0.7102582762323724,0.7189542483660131,0.7119672677107806,0.8013207547169812,0.3322873115539551
TabNet,1,4,train,0.767479674796748,0.7136918604651162,0.7545148602609202,0.7136918604651162,0.7248804201951442,0.7625365682513153,0.767479674796748,0.757445966068271,0.8512790697674418,41.92797374725342
TabNet,1,4,test,0.738562091503268,0.6802830188679245,0.7149122807017544,0.6802830188679245,0.6891507517269402,0.7297328288040362,0.738562091503268,0.727221784013619,0.7681132075471698,41.92797374725342
FT-Transformer (lite),1,4,train,0.8747967479674796,0.8575,0.8649084909915257,0.8575,0.8609614520727328,0.8739199567085281,0.8747967479674796,0.8741549043434965,0.9438837209302325,43.5776104927063
FT-Transformer (lite),1,4,test,0.738562091503268,0.6980188679245283,0.7106583701324769,0.6980188679245283,0.7029126213592233,0.7328867583431071,0.738562091503268,0.7345263024303572,0.7854716981132075,43.5776104927063
IGTD-inspired,1,4,train,0.759349593495935,0.7311046511627907,0.7353296391020177,0.7311046511627907,0.7330603913471916,0.757437557325275,0.759349593495935,0.7582598856348471,0.8388604651162791,4.294160842895508
IGTD-inspired,1,4,test,0.7450980392156863,0.7074528301886792,0.7181547619047619,0.7074528301886792,0.7118087418497947,0.7403711484593838,0.7450980392156863,0.7418971452381967,0.7798113207547169,4.294160842895508
Naive Reshape,1,4,train,0.7544715447154472,0.6972383720930233,0.7389286418570583,0.6972383720930233,0.7077042198993418,0.74829488625055,0.7544715447154472,0.7428747690496649,0.8176744186046512,4.277433395385742
Naive Reshape,1,4,test,0.7647058823529411,0.7091509433962264,0.7493252361673415,0.7091509433962264,0.7202356765542463,0.7589637744436506,0.7647058823529411,0.754499605612257,0.7775471698113208,4.277433395385742
AG-T2I-step_row,1,4,train,0.7235772357723578,0.668110465116279,0.6962307942885064,0.668110465116279,0.6753670169163126,,,,,22.761629819869995
AG-T2I-step_row,1,4,test,0.7254901960784313,0.6481132075471698,0.7075621364357483,0.6481132075471698,0.6554054054054055,,,,0.6735849056603774,22.761629819869995
AG-T2I-packed,1,4,train,0.7219512195121951,0.6614825581395349,0.6956151224047102,0.6614825581395349,0.6689895470383276,,,,,27.51773238182068
AG-T2I-packed,1,4,test,0.738562091503268,0.6536792452830189,0.7394179894179894,0.6536792452830189,0.661504424778761,,,,0.6745283018867925,27.51773238182068
AG-T2I-packed_T,1,4,train,0.7463414634146341,0.7049709302325582,0.7215901948460088,0.7049709302325582,0.7110240963855421,,,,,28.425370454788208
AG-T2I-packed_T,1,4,test,0.7450980392156863,0.6808490566037736,0.7275641025641025,0.6808490566037736,0.6910371252524207,,,,0.7181132075471698,28.425370454788208
AG-T2I-step_sparse,1,4,train,0.7788617886178861,0.724593023255814,0.770897615708275,0.724593023255814,0.7371464487743558,,,,,27.960188388824463
AG-T2I-step_sparse,1,4,test,0.7581699346405228,0.6997169811320755,0.7422196796338673,0.6997169811320755,0.7106567850753898,,,,0.7596226415094339,27.960188388824463
AG-T2I-attention_map,1,4,train,0.767479674796748,0.7072383720930233,0.7602812746443905,0.7072383720930233,0.7196605771590869,,,,,24.82237982749939
AG-T2I-attention_map,1,4,test,0.7320261437908496,0.6531132075471698,0.7199186991869919,0.6531132075471698,0.6610837970716948,,,,0.7928301886792454,24.82237982749939
XGBoost,2,0,train,0.9120521172638436,0.8879556074766355,0.9171565671791779,0.8879556074766355,0.899891304347826,0.9132333122855739,0.9120521172638436,0.9104609828636171,0.9716355140186915,0.14611482620239258
XGBoost,2,0,test,0.7337662337662337,0.697037037037037,0.7068027210884353,0.697037037037037,0.7009708737864078,0.7289513207880556,0.7337662337662337,0.7305510023956625,0.8090740740740741,0.14611482620239258
LightGBM,2,0,train,0.9218241042345277,0.9030607476635514,0.9234413352970055,0.9030607476635514,0.9119081779053084,0.922110339820807,0.9218241042345277,0.9208613929404287,0.9800934579439251,3.1060643196105957
LightGBM,2,0,test,0.7337662337662337,0.697037037037037,0.7068027210884353,0.697037037037037,0.7009708737864078,0.7289513207880556,0.7337662337662337,0.7305510023956625,0.8007407407407408,3.1060643196105957
CatBoost,2,0,train,0.8550488599348535,0.8224766355140187,0.8522131346254449,0.8224766355140187,0.8339204036044798,0.8543061699728655,0.8550488599348535,0.8518651199398657,0.9356308411214954,0.21491408348083496
CatBoost,2,0,test,0.7272727272727273,0.692037037037037,0.6994230769230769,0.692037037037037,0.6951357466063348,0.7231468531468531,0.7272727272727273,0.7247017688194158,0.8131481481481482,0.21491408348083496
TabNet,2,0,train,0.7263843648208469,0.6509345794392524,0.7101223002862347,0.6509345794392524,0.6583465818759937,0.7184779467045714,0.7263843648208469,0.7045328140940327,0.7859813084112149,29.311049938201904
TabNet,2,0,test,0.7662337662337663,0.7050000000000001,0.7605932203389831,0.7050000000000001,0.7174311926605504,0.7637574290116663,0.7662337662337663,0.7525080424162993,0.8142592592592592,29.311049938201904
FT-Transformer (lite),2,0,train,0.8664495114006515,0.8529556074766356,0.8529556074766356,0.8529556074766356,0.8529556074766356,0.8664495114006515,0.8664495114006515,0.8664495114006515,0.9330140186915888,43.495238065719604
FT-Transformer (lite),2,0,test,0.7142857142857143,0.6948148148148148,0.6889367816091954,0.6948148148148148,0.6913265306122449,0.7196223316912971,0.7142857142857143,0.7164723032069972,0.8153703703703703,43.495238065719604
IGTD-inspired,2,0,train,0.7801302931596091,0.7378154205607477,0.7631837515675703,0.7378154205607477,0.7467205676099332,0.7753070467064903,0.7801302931596091,0.7745869754675104,0.8416588785046728,4.572720289230347
IGTD-inspired,2,0,test,0.7402597402597403,0.702037037037037,0.7144261006289309,0.702037037037037,0.7068341899866742,0.7349148493016417,0.7402597402597403,0.7364029459974635,0.7938888888888889,4.572720289230347
Naive Reshape,2,0,train,0.749185667752443,0.7140654205607476,0.7236597988477688,0.7140654205607476,0.7180630926113662,0.7450463376597931,0.749185667752443,0.7464395581811715,0.815303738317757,4.278200626373291
Naive Reshape,2,0,test,0.7272727272727273,0.692037037037037,0.6994230769230769,0.692037037037037,0.6951357466063348,0.7231468531468531,0.7272727272727273,0.7247017688194158,0.7792592592592593,4.278200626373291
AG-T2I-step_row,2,0,train,0.71869918699187,0.651453488372093,0.6939225203227823,0.651453488372093,0.6586194615303166,,,,,24.823960065841675
AG-T2I-step_row,2,0,test,0.7189542483660131,0.6253773584905661,0.7146317829457365,0.6253773584905661,0.6268927578971247,,,,0.669433962264151,24.823960065841675
AG-T2I-packed,2,0,train,0.7300813008130081,0.6677325581395349,0.7077512457873665,0.6677325581395349,0.6761350658579296,,,,,29.39036226272583
AG-T2I-packed,2,0,test,0.738562091503268,0.6581132075471698,0.7330367074527253,0.6581132075471698,0.6668118466898955,,,,0.6845283018867924,29.39036226272583
AG-T2I-packed_T,2,0,train,0.7463414634146341,0.6888372093023256,0.7277699859747546,0.6888372093023256,0.6984915147705846,,,,,29.38535737991333
AG-T2I-packed_T,2,0,test,0.738562091503268,0.6625471698113208,0.7277895293495505,0.6625471698113208,0.6718146718146718,,,,0.6983018867924529,29.38535737991333
AG-T2I-step_sparse,2,0,train,0.7219512195121951,0.6786918604651162,0.69258966839612,0.6786918604651162,0.6836467335882248,,,,,25.072714805603027
AG-T2I-step_sparse,2,0,test,0.7320261437908496,0.6708490566037736,0.7072082379862701,0.6708490566037736,0.6793764375159724,,,,0.7135849056603774,25.072714805603027
AG-T2I-attention_map,2,0,train,0.7707317073170732,0.751686046511628,0.748091603053435,0.751686046511628,0.7497698685004084,,,,,24.465537548065186
AG-T2I-attention_map,2,0,test,0.7320261437908496,0.6930188679245283,0.7029761904761904,0.6930188679245283,0.697029702970297,,,,0.7932075471698113,24.465537548065186
XGBoost,2,1,train,0.8990228013029316,0.8768691588785047,0.8981536334913112,0.8768691588785047,0.8859324248199154,0.898856525721578,0.8990228013029316,0.8976382422518433,0.9683060747663552,0.13817071914672852
XGBoost,2,1,test,0.7857142857142857,0.7668518518518519,0.7646464646464646,0.7668518518518519,0.7657092803466876,0.7866719139446412,0.7857142857142857,0.7861588413891212,0.8479629629629629,0.13817071914672852
LightGBM,2,1,train,0.9201954397394136,0.9072429906542057,0.9157671894567356,0.9072429906542057,0.9112431446937939,0.9198047117732949,0.9201954397394136,0.9197822568911542,0.9787967289719626,0.2724020481109619
LightGBM,2,1,test,0.7792207792207793,0.7618518518518518,0.7576530612244898,0.7618518518518518,0.7595959595959596,0.7812748476013783,0.7792207792207793,0.7801128164764528,0.842962962962963,0.2724020481109619
CatBoost,2,1,train,0.8729641693811075,0.8427453271028038,0.8731557794057794,0.8427453271028038,0.8546401515151515,0.8730132215474236,0.8729641693811075,0.870274405290692,0.9392873831775701,0.15690255165100098
CatBoost,2,1,test,0.7857142857142857,0.7753703703703704,0.7652988403211418,0.7753703703703704,0.7693669162695711,0.7913852427679368,0.7857142857142857,0.7877078673538851,0.8481481481481481,0.15690255165100098
TabNet,2,1,train,0.7671009771986971,0.7136915887850468,0.7528440113345773,0.7136915887850468,0.7246852609629525,0.7618027804248688,0.7671009771986971,0.7574210419581745,0.8257476635514018,39.605271339416504
TabNet,2,1,test,0.8051948051948052,0.769074074074074,0.7924718196457328,0.769074074074074,0.7778846153846153,0.8019114540853671,0.8051948051948052,0.801148851148851,0.8764814814814814,39.605271339416504
FT-Transformer (lite),2,1,train,0.8713355048859935,0.8599649532710281,0.8576710118515596,0.8599649532710281,0.858791815013959,0.8717909879871413,0.8713355048859935,0.8715411391461909,0.9330490654205608,42.998050928115845
FT-Transformer (lite),2,1,test,0.7467532467532467,0.7368518518518519,0.7254539044597215,0.7368518518518519,0.7293985131786438,0.7560717090066641,0.7467532467532467,0.7498681989333036,0.8137037037037037,42.998050928115845
IGTD-inspired,2,1,train,0.760586319218241,0.7043457943925233,0.7458640803991847,0.7043457943925233,0.7152483981184399,0.7548717659924231,0.760586319218241,0.7496682076064521,0.8192990654205607,4.488284587860107
IGTD-inspired,2,1,test,0.7467532467532467,0.6857407407407408,0.7316932316932316,0.6857407407407408,0.695852534562212,0.7403527403527403,0.7467532467532467,0.733018133939793,0.8412962962962963,4.488284587860107
Naive Reshape,2,1,train,0.737785016286645,0.6716355140186916,0.7202929842712129,0.6716355140186916,0.6810286691512188,0.7300927371473285,0.737785016286645,0.721788053580521,0.7914018691588784,4.3559205532073975
Naive Reshape,2,1,test,0.7337662337662337,0.6799999999999999,0.7097992661342543,0.6799999999999999,0.6879663948603905,0.7251114954546856,0.7337662337662337,0.7236747438378277,0.8283333333333334,4.3559205532073975
AG-T2I-step_row,2,1,train,0.71869918699187,0.651453488372093,0.6939225203227823,0.651453488372093,0.6586194615303166,,,,,26.739989042282104
AG-T2I-step_row,2,1,test,0.7189542483660131,0.6253773584905661,0.7146317829457365,0.6253773584905661,0.6268927578971247,,,,0.669433962264151,26.739989042282104
AG-T2I-packed,2,1,train,0.7300813008130081,0.6677325581395349,0.7077512457873665,0.6677325581395349,0.6761350658579296,,,,,26.683890104293823
AG-T2I-packed,2,1,test,0.738562091503268,0.6581132075471698,0.7330367074527253,0.6581132075471698,0.6668118466898955,,,,0.6845283018867924,26.683890104293823
AG-T2I-packed_T,2,1,train,0.7463414634146341,0.6888372093023256,0.7277699859747546,0.6888372093023256,0.6984915147705846,,,,,25.530316829681396
AG-T2I-packed_T,2,1,test,0.738562091503268,0.6625471698113208,0.7277895293495505,0.6625471698113208,0.6718146718146718,,,,0.6983018867924529,25.530316829681396
AG-T2I-step_sparse,2,1,train,0.7219512195121951,0.6786918604651162,0.69258966839612,0.6786918604651162,0.6836467335882248,,,,,29.33050036430359
AG-T2I-step_sparse,2,1,test,0.7320261437908496,0.6708490566037736,0.7072082379862701,0.6708490566037736,0.6793764375159724,,,,0.7135849056603774,29.33050036430359
AG-T2I-attention_map,2,1,train,0.7707317073170732,0.751686046511628,0.748091603053435,0.751686046511628,0.7497698685004084,,,,,21.66872215270996
AG-T2I-attention_map,2,1,test,0.7320261437908496,0.6930188679245283,0.7029761904761904,0.6930188679245283,0.697029702970297,,,,0.7932075471698113,21.66872215270996
XGBoost,2,2,train,0.9087947882736156,0.8876285046728972,0.9095206358609795,0.8876285046728972,0.896971222417988,0.9089336460729375,0.9087947882736156,0.9075442188081164,0.969964953271028,0.1425769329071045
XGBoost,2,2,test,0.7857142857142857,0.7583333333333333,0.7655625356938892,0.7583333333333333,0.7615763546798029,0.7833890837888553,0.7857142857142857,0.7842364532019704,0.8435185185185186,0.1425769329071045
LightGBM,2,2,train,0.9169381107491856,0.9036565420560747,0.9121056711789612,0.9036565420560747,0.9076204159057855,0.9165117190224011,0.9169381107491856,0.9165080632948749,0.9774415887850467,1.3027067184448242
LightGBM,2,2,test,0.7922077922077922,0.7718518518518518,0.7718518518518518,0.7718518518518518,0.7718518518518518,0.7922077922077922,0.7922077922077922,0.7922077922077922,0.8507407407407408,1.3027067184448242
CatBoost,2,2,train,0.8713355048859935,0.846927570093458,0.8654880435183931,0.846927570093458,0.8548363444831167,0.8702583409498568,0.8713355048859935,0.869661677019035,0.9407359813084112,0.20978212356567383
CatBoost,2,2,test,0.7792207792207793,0.7533333333333333,0.7579185520361991,0.7533333333333333,0.7554642256678498,0.7775166010460127,0.7792207792207793,0.7782309228227405,0.8483333333333334,0.20978212356567383
TabNet,2,2,train,0.755700325732899,0.7190654205607476,0.731437598736177,0.7190654205607476,0.7240300600481824,0.7510587605683088,0.755700325732899,0.7523505860931694,0.8427336448598133,79.68520712852478
TabNet,2,2,test,0.8051948051948052,0.7733333333333333,0.7900943396226415,0.7733333333333333,0.7801256424900057,0.8020705709384955,0.8051948051948052,0.8023022094980975,0.8385185185185186,79.68520712852478
FT-Transformer (lite),2,2,train,0.8534201954397395,0.8223130841121495,0.8487108190091002,0.8223130841121495,0.8327178058969547,0.8522715670420226,0.8534201954397395,0.8505448635587971,0.9411098130841122,44.11405086517334
FT-Transformer (lite),2,2,test,0.7532467532467533,0.7077777777777778,0.7318181818181818,0.7077777777777778,0.7156462585034014,0.7467532467532467,0.7532467532467533,0.7465323791854404,0.8244444444444445,44.11405086517334
IGTD-inspired,2,2,train,0.760586319218241,0.7108644859813085,0.7417982826293721,0.7108644859813085,0.7203097546690962,0.7542789069348351,0.760586319218241,0.7524618619915896,0.8172313084112148,4.47780966758728
IGTD-inspired,2,2,test,0.7467532467532467,0.7027777777777777,0.7232415902140672,0.7027777777777777,0.7097288676236044,0.7401405933516025,0.7467532467532467,0.740694711986578,0.817037037037037,4.47780966758728
Naive Reshape,2,2,train,0.741042345276873,0.6773948598130841,0.7232924049702227,0.6773948598130841,0.6870670671312398,0.7334821855166331,0.741042345276873,0.7264372700139369,0.8029322429906541,4.265396595001221
Naive Reshape,2,2,test,0.7467532467532467,0.69,0.7287625418060201,0.69,0.6996249062265567,0.739651652695131,0.7467532467532467,0.7351643105581591,0.8011111111111111,4.265396595001221
AG-T2I-step_row,2,2,train,0.71869918699187,0.651453488372093,0.6939225203227823,0.651453488372093,0.6586194615303166,,,,,21.95344042778015
AG-T2I-step_row,2,2,test,0.7189542483660131,0.6253773584905661,0.7146317829457365,0.6253773584905661,0.6268927578971247,,,,0.669433962264151,21.95344042778015
AG-T2I-packed,2,2,train,0.7300813008130081,0.6677325581395349,0.7077512457873665,0.6677325581395349,0.6761350658579296,,,,,22.687020301818848
AG-T2I-packed,2,2,test,0.738562091503268,0.6581132075471698,0.7330367074527253,0.6581132075471698,0.6668118466898955,,,,0.6845283018867924,22.687020301818848
AG-T2I-packed_T,2,2,train,0.7463414634146341,0.6888372093023256,0.7277699859747546,0.6888372093023256,0.6984915147705846,,,,,22.088083744049072
AG-T2I-packed_T,2,2,test,0.738562091503268,0.6625471698113208,0.7277895293495505,0.6625471698113208,0.6718146718146718,,,,0.6983018867924529,22.088083744049072
AG-T2I-step_sparse,2,2,train,0.7219512195121951,0.6786918604651162,0.69258966839612,0.6786918604651162,0.6836467335882248,,,,,23.026451110839844
AG-T2I-step_sparse,2,2,test,0.7320261437908496,0.6708490566037736,0.7072082379862701,0.6708490566037736,0.6793764375159724,,,,0.7135849056603774,23.026451110839844
AG-T2I-attention_map,2,2,train,0.7707317073170732,0.751686046511628,0.748091603053435,0.751686046511628,0.7497698685004084,,,,,22.652772188186646
AG-T2I-attention_map,2,2,test,0.7320261437908496,0.6930188679245283,0.7029761904761904,0.6930188679245283,0.697029702970297,,,,0.7932075471698113,22.652772188186646
XGBoost,2,3,train,0.9154471544715447,0.895203488372093,0.9173010338138152,0.895203488372093,0.9046443394876198,0.915803358362636,0.9154471544715447,0.9142990292075527,0.9693488372093022,0.1357560157775879
XGBoost,2,3,test,0.7777777777777778,0.7235849056603774,0.766531713900135,0.7235849056603774,0.7357781389678992,0.7735792472634577,0.7777777777777778,0.7681385164115762,0.8484905660377359,0.1357560157775879
LightGBM,2,3,train,0.9154471544715447,0.9027325581395349,0.9100951974992896,0.9027325581395349,0.9062104077706349,0.9150211280458926,0.9154471544715447,0.9150642841419734,0.9734302325581395,0.2577660083770752
LightGBM,2,3,test,0.7973856209150327,0.7518867924528302,0.7863577863577864,0.7518867924528302,0.7633823896233475,0.7938694997518527,0.7973856209150327,0.7909367322217821,0.840754716981132,0.2577660083770752
CatBoost,2,3,train,0.8666666666666667,0.8415697674418605,0.860668418338531,0.8415697674418605,0.8496314584227852,0.8655141648044922,0.8666666666666667,0.8648561614426794,0.9391627906976744,0.19669723510742188
CatBoost,2,3,test,0.803921568627451,0.7524528301886793,0.800944669365722,0.7524528301886793,0.7668630637952052,0.8028101929030721,0.803921568627451,0.7954163380102143,0.8616981132075472,0.19669723510742188
TabNet,2,3,train,0.7430894308943089,0.7003197674418604,0.7179151487553126,0.7003197674418604,0.7065556146115191,0.736618932673844,0.7430894308943089,0.7377019556821003,0.8151686046511628,71.23042964935303
TabNet,2,3,test,0.8104575163398693,0.7618867924528302,0.8070796460176992,0.7618867924528302,0.7760109041344844,0.8092544392388225,0.8104575163398693,0.8029940836953692,0.840566037735849,71.23042964935303
FT-Transformer (lite),2,3,train,0.8764227642276423,0.8555232558139535,0.8693346540394279,0.8555232558139535,0.861643932935493,0.8753775129556475,0.8764227642276423,0.8752463398461777,0.9313720930232557,43.93189287185669
FT-Transformer (lite),2,3,test,0.803921568627451,0.7568867924528302,0.7964939024390244,0.7568867924528302,0.7696708149337615,0.8014108082257294,0.803921568627451,0.796955313638904,0.8603773584905661,43.93189287185669
IGTD-inspired,2,3,train,0.7577235772357723,0.6975872093023255,0.7458547948376643,0.6975872093023255,0.7088373511777097,0.7527379445042787,0.7577235772357723,0.7447260488790652,0.8110813953488372,4.441740274429321
IGTD-inspired,2,3,test,0.7647058823529411,0.6958490566037736,0.7621212121212122,0.6958490566037736,0.7088794926004228,0.7635175282234106,0.7647058823529411,0.7480412883969655,0.8296226415094339,4.441740274429321
Naive Reshape,2,3,train,0.7398373983739838,0.6870639534883721,0.7166666666666667,0.6870639534883721,0.6953560371517028,0.7317073170731707,0.7398373983739838,0.7303732789649877,0.7977674418604651,4.130910634994507
Naive Reshape,2,3,test,0.7450980392156863,0.6897169811320755,0.7224557522123893,0.6897169811320755,0.6987732848705135,0.7370336630227312,0.7450980392156863,0.7350610091075656,0.8054716981132075,4.130910634994507
AG-T2I-step_row,2,3,train,0.71869918699187,0.651453488372093,0.6939225203227823,0.651453488372093,0.6586194615303166,,,,,19.80010199546814
AG-T2I-step_row,2,3,test,0.7189542483660131,0.6253773584905661,0.7146317829457365,0.6253773584905661,0.6268927578971247,,,,0.669433962264151,19.80010199546814
AG-T2I-packed,2,3,train,0.7300813008130081,0.6677325581395349,0.7077512457873665,0.6677325581395349,0.6761350658579296,,,,,19.892808198928833
AG-T2I-packed,2,3,test,0.738562091503268,0.6581132075471698,0.7330367074527253,0.6581132075471698,0.6668118466898955,,,,0.6845283018867924,19.892808198928833
AG-T2I-packed_T,2,3,train,0.7463414634146341,0.6888372093023256,0.7277699859747546,0.6888372093023256,0.6984915147705846,,,,,20.626813650131226
AG-T2I-packed_T,2,3,test,0.738562091503268,0.6625471698113208,0.7277895293495505,0.6625471698113208,0.6718146718146718,,,,0.6983018867924529,20.626813650131226
AG-T2I-step_sparse,2,3,train,0.7219512195121951,0.6786918604651162,0.69258966839612,0.6786918604651162,0.6836467335882248,,,,,20.372852087020874
AG-T2I-step_sparse,2,3,test,0.7320261437908496,0.6708490566037736,0.7072082379862701,0.6708490566037736,0.6793764375159724,,,,0.7135849056603774,20.372852087020874
AG-T2I-attention_map,2,3,train,0.7707317073170732,0.751686046511628,0.748091603053435,0.751686046511628,0.7497698685004084,,,,,19.330102920532227
AG-T2I-attention_map,2,3,test,0.7320261437908496,0.6930188679245283,0.7029761904761904,0.6930188679245283,0.697029702970297,,,,0.7932075471698113,19.330102920532227
XGBoost,2,4,train,0.9138211382113821,0.8961046511627907,0.9125790276869413,0.8961046511627907,0.9033996105755124,0.9136282991345283,0.9138211382113821,0.912944078954898,0.9757093023255814,0.14624643325805664
XGBoost,2,4,test,0.738562091503268,0.6847169811320755,0.7131968641114983,0.6847169811320755,0.6928944199116821,0.7299879301314022,0.738562091503268,0.7292737515185387,0.7749056603773585,0.14624643325805664
LightGBM,2,4,train,0.9284552845528455,0.9148837209302325,0.9266105504806543,0.9148837209302325,0.9202748249935182,0.9282434490613021,0.9284552845528455,0.9279569824477089,0.9803255813953489,0.5832419395446777
LightGBM,2,4,test,0.7320261437908496,0.6841509433962264,0.7035029190992494,0.6841509433962264,0.6905736694125191,0.7241274046454834,0.7320261437908496,0.7253641389800465,0.7630188679245283,0.5832419395446777
CatBoost,2,4,train,0.8764227642276423,0.8533720930232558,0.8710622710622711,0.8533720930232558,0.8609756097560975,0.8754697876649096,0.8764227642276423,0.8749157247670036,0.9514302325581395,0.18739533424377441
CatBoost,2,4,test,0.7124183006535948,0.6425471698113208,0.6829297820823245,0.6425471698113208,0.6490825688073394,0.6996280998275016,0.7124183006535948,0.6948791749115548,0.7692452830188679,0.18739533424377441
TabNet,2,4,train,0.7837398373983739,0.7390988372093024,0.7698632474145624,0.7390988372093024,0.7492804399201817,0.7793361962965002,0.7837398373983739,0.7772409159441536,0.8428720930232558,36.6075336933136
TabNet,2,4,test,0.7647058823529411,0.7091509433962264,0.7493252361673415,0.7091509433962264,0.7202356765542463,0.7589637744436506,0.7647058823529411,0.754499605612257,0.7769811320754717,36.6075336933136
FT-Transformer (lite),2,4,train,0.8552845528455284,0.8575581395348837,0.8387533875338753,0.8575581395348837,0.8456033556270786,0.8636173353603456,0.8552845528455284,0.8572333652726191,0.9388372093023255,41.688148736953735
FT-Transformer (lite),2,4,test,0.7647058823529411,0.7446226415094339,0.7405380333951763,0.7446226415094339,0.7424242424242424,0.7669540543490123,0.7647058823529411,0.7656961774608834,0.800377358490566,41.688148736953735
IGTD-inspired,2,4,train,0.7544715447154472,0.71875,0.7303364595832211,0.71875,0.723442399840376,0.7500060223561806,0.7544715447154472,0.7513083794611922,0.8332093023255813,4.437288999557495
IGTD-inspired,2,4,test,0.738562091503268,0.6891509433962264,0.7119450317124736,0.6891509433962264,0.6964285714285714,0.7306167005209413,0.738562091503268,0.7311702458761282,0.7366037735849056,4.437288999557495
Naive Reshape,2,4,train,0.7398373983739838,0.6838372093023256,0.7180569347898047,0.6838372093023256,0.6926383127592584,0.7316238902210274,0.7398373983739838,0.728869975990479,0.8137558139534884,4.2696685791015625
Naive Reshape,2,4,test,0.7254901960784313,0.639245283018868,0.716931216931217,0.639245283018868,0.6445796460176991,0.7209945706677733,0.7254901960784313,0.6966727398924172,0.700566037735849,4.2696685791015625
AG-T2I-step_row,2,4,train,0.71869918699187,0.651453488372093,0.6939225203227823,0.651453488372093,0.6586194615303166,,,,,18.977645874023438
AG-T2I-step_row,2,4,test,0.7189542483660131,0.6253773584905661,0.7146317829457365,0.6253773584905661,0.6268927578971247,,,,0.669433962264151,18.977645874023438
AG-T2I-packed,2,4,train,0.7300813008130081,0.6677325581395349,0.7077512457873665,0.6677325581395349,0.6761350658579296,,,,,19.20825719833374
AG-T2I-packed,2,4,test,0.738562091503268,0.6581132075471698,0.7330367074527253,0.6581132075471698,0.6668118466898955,,,,0.6845283018867924,19.20825719833374
AG-T2I-packed_T,2,4,train,0.7463414634146341,0.6888372093023256,0.7277699859747546,0.6888372093023256,0.6984915147705846,,,,,20.172677755355835
AG-T2I-packed_T,2,4,test,0.738562091503268,0.6625471698113208,0.7277895293495505,0.6625471698113208,0.6718146718146718,,,,0.6983018867924529,20.172677755355835
AG-T2I-step_sparse,2,4,train,0.7219512195121951,0.6786918604651162,0.69258966839612,0.6786918604651162,0.6836467335882248,,,,,19.9245822429657
AG-T2I-step_sparse,2,4,test,0.7320261437908496,0.6708490566037736,0.7072082379862701,0.6708490566037736,0.6793764375159724,,,,0.7135849056603774,19.9245822429657
AG-T2I-attention_map,2,4,train,0.7707317073170732,0.751686046511628,0.748091603053435,0.751686046511628,0.7497698685004084,,,,,18.898534774780273
AG-T2I-attention_map,2,4,test,0.7320261437908496,0.6930188679245283,0.7029761904761904,0.6930188679245283,0.697029702970297,,,,0.7932075471698113,18.898534774780273
