model,metric,mean,std,ci95,time_sec
XGBoost,accuracy,0.882124079915878,0.004589767847461573,0.0017991889962049366,0.22740473747253417
XGBoost,balanced_accuracy,0.8581502259550133,0.005491263964292639,0.0021525754740027146,0.22740473747253417
XGBoost,precision_macro,0.8797748257133847,0.004990523776226251,0.0019562853202806903,0.22740473747253417
XGBoost,recall_macro,0.8581502259550133,0.005491263964292639,0.0021525754740027146,0.22740473747253417
XGBoost,f1_macro,0.8671731007726234,0.005308833987462211,0.0020810629230851867,0.22740473747253417
XGBoost,precision_weighted,0.88164207583881,0.004679838060921445,0.0018344965198812066,0.22740473747253417
XGBoost,recall_weighted,0.882124079915878,0.004589767847461573,0.0017991889962049366,0.22740473747253417
XGBoost,f1_weighted,0.8803965984147668,0.004723680140750177,0.0018516826151740693,0.22740473747253417
XGBoost,roc_auc,0.9352912169766833,0.0032781897016791587,0.00128505036305823,0.22740473747253417
LightGBM,accuracy,0.8812828601472134,0.004436647227550605,0.0017391657131998373,1.2171394062042236
LightGBM,balanced_accuracy,0.8549695841744801,0.004340767650486996,0.0017015809189909023,1.2171394062042236
LightGBM,precision_macro,0.8811297482651698,0.006006322333677784,0.002354478354801691,1.2171394062042236
LightGBM,recall_macro,0.8549695841744801,0.004340767650486996,0.0017015809189909023,1.2171394062042236
LightGBM,f1_macro,0.8655231004124814,0.0048557461333266225,0.001903452484264036,1.2171394062042236
LightGBM,precision_weighted,0.8812666790765911,0.004808782456930005,0.001885042723116562,1.2171394062042236
LightGBM,recall_weighted,0.8812828601472134,0.004436647227550605,0.0017391657131998373,1.2171394062042236
LightGBM,f1_weighted,0.8791835122672081,0.004419301114376219,0.001732366036835478,1.2171394062042236
LightGBM,roc_auc,0.9357497433069368,0.0026353322790123937,0.0010330502533728583,1.2171394062042236
CatBoost,accuracy,0.8823343848580442,0.0036060424717056488,0.0014135686489086144,0.6892886447906494
CatBoost,balanced_accuracy,0.8558145446838695,0.004912755838196688,0.0019258002885731017,0.6892886447906494
CatBoost,precision_macro,0.88267956323251,0.003544909097726295,0.0013896043663087078,0.6892886447906494
CatBoost,recall_macro,0.8558145446838695,0.004912755838196688,0.0019258002885731017,0.6892886447906494
CatBoost,f1_macro,0.8665997767873043,0.004378799720885816,0.00171648949058724,0.6892886447906494
CatBoost,precision_weighted,0.8824331441001219,0.003550827779023195,0.0013919244893770923,0.6892886447906494
CatBoost,recall_weighted,0.8823343848580442,0.0036060424717056488,0.0014135686489086144,0.6892886447906494
CatBoost,f1_weighted,0.8801940455439906,0.003816065697178334,0.0014958977532939068,0.6892886447906494
CatBoost,roc_auc,0.936179068156068,0.003551315914333318,0.0013921158384186606,0.6892886447906494
TabNet,accuracy,0.8652996845425869,0.00821302113371663,0.003219504284416919,1130.6378743743896
TabNet,balanced_accuracy,0.829678185337965,0.0158014994266562,0.00619418777524923,1130.6378743743896
TabNet,precision_macro,0.87210512600821,0.005630479277064125,0.002207147876609137,1130.6378743743896
TabNet,recall_macro,0.829678185337965,0.0158014994266562,0.00619418777524923,1130.6378743743896
TabNet,f1_macro,0.8441361433880086,0.012237679962054002,0.004797170545125169,1130.6378743743896
TabNet,precision_weighted,0.8680000126634683,0.006105971060264634,0.0023935406556237367,1130.6378743743896
TabNet,recall_weighted,0.8652996845425869,0.00821302113371663,0.003219504284416919,1130.6378743743896
TabNet,f1_weighted,0.8611467433513829,0.009937884131843228,0.003895650579682546,1130.6378743743896
TabNet,roc_auc,0.9157834542928035,0.008594551077820157,0.0033690640225055015,1130.6378743743896
FT-Transformer (lite),accuracy,0.8794426919032596,0.005706701720844473,0.0022370270745710333,412.29443860054016
FT-Transformer (lite),balanced_accuracy,0.8486790254696949,0.007671598532651818,0.0030072666247995122,412.29443860054016
FT-Transformer (lite),precision_macro,0.8840490713315273,0.006940528460671787,0.0027206871565833403,412.29443860054016
FT-Transformer (lite),recall_macro,0.8486790254696949,0.007671598532651818,0.0030072666247995122,412.29443860054016
FT-Transformer (lite),f1_macro,0.8619674726588282,0.006878460575110547,0.0026963565454433346,412.29443860054016
FT-Transformer (lite),precision_weighted,0.8808533029246945,0.005839311475087735,0.0022890100982343917,412.29443860054016
FT-Transformer (lite),recall_weighted,0.8794426919032596,0.005706701720844473,0.0022370270745710333,412.29443860054016
FT-Transformer (lite),f1_weighted,0.8765366206096519,0.0060116748817014894,0.0023565765536269836,412.29443860054016
FT-Transformer (lite),roc_auc,0.9332358307870114,0.004219999660566715,0.0016542398669421525,412.29443860054016
IGTD-inspired,accuracy,0.8364353312302839,0.007834785300118944,0.003071235837646626,187.19214586257934
IGTD-inspired,balanced_accuracy,0.7950492513555847,0.015572921869476722,0.006104585372834875,187.19214586257934
IGTD-inspired,precision_macro,0.840837594936477,0.010182954854660675,0.003991718303026985,187.19214586257934
IGTD-inspired,recall_macro,0.7950492513555847,0.015572921869476722,0.006104585372834875,187.19214586257934
IGTD-inspired,f1_macro,0.8091888265525818,0.01224156459122325,0.004798693319759515,187.19214586257934
IGTD-inspired,precision_weighted,0.8388322175827725,0.006916284508541645,0.002711183527348325,187.19214586257934
IGTD-inspired,recall_weighted,0.8364353312302839,0.007834785300118944,0.003071235837646626,187.19214586257934
IGTD-inspired,f1_weighted,0.8305195217702266,0.009691500843780107,0.0037990683307618017,187.19214586257934
IGTD-inspired,roc_auc,0.8963452840546114,0.0045230169898558634,0.0017730226600234983,187.19214586257934
Naive Reshape,accuracy,0.8515667718191376,0.005391670951845591,0.0021135350131234716,186.81851484298707
Naive Reshape,balanced_accuracy,0.8142130355302569,0.007835237373944922,0.0030714130505864095,186.81851484298707
Naive Reshape,precision_macro,0.8551336785122065,0.008143531341149441,0.0031922642857305805,186.81851484298707
Naive Reshape,recall_macro,0.8142130355302569,0.007835237373944922,0.0030714130505864095,186.81851484298707
Naive Reshape,f1_macro,0.82832322315187,0.006717051358549283,0.002633084132551319,186.81851484298707
Naive Reshape,precision_weighted,0.852939855759789,0.005885126175456705,0.002306969460779028,186.81851484298707
Naive Reshape,recall_weighted,0.8515667718191376,0.005391670951845591,0.0021135350131234716,186.81851484298707
Naive Reshape,f1_weighted,0.8470549899137666,0.005751392113077431,0.002254545708326353,186.81851484298707
Naive Reshape,roc_auc,0.9067520296977116,0.005623468018212756,0.0022043994631394006,186.81851484298707
AG-T2I-step_row,accuracy,0.7898002103049422,0.07459929890839549,0.029242925172091032,1096.0376138877868
AG-T2I-step_row,balanced_accuracy,0.7498917581199487,0.06986482436685922,0.02738701115180881,1096.0376138877868
AG-T2I-step_row,precision_macro,0.7924106206464908,0.07902329946890652,0.030977133391811358,1096.0376138877868
AG-T2I-step_row,recall_macro,0.7498917581199487,0.06986482436685922,0.02738701115180881,1096.0376138877868
AG-T2I-step_row,f1_macro,0.7577781261865469,0.07882342466425514,0.030898782468388012,1096.0376138877868
AG-T2I-step_row,roc_auc,0.8416868434734568,0.08031122808185899,0.03148200140808872,1096.0376138877868
AG-T2I-packed,accuracy,0.7483280757097791,0.10053051023666998,0.03940796001277463,1091.4559522914888
AG-T2I-packed,balanced_accuracy,0.7192710343953709,0.07771190760726104,0.030463067782046327,1091.4559522914888
AG-T2I-packed,precision_macro,0.7667418982607829,0.08088485219811398,0.03170686206166068,1091.4559522914888
AG-T2I-packed,recall_macro,0.7192710343953709,0.07771190760726104,0.030463067782046327,1091.4559522914888
AG-T2I-packed,f1_macro,0.7122603013342983,0.10001962698873505,0.03920769377958414,1091.4559522914888
AG-T2I-packed,roc_auc,0.8182977810914127,0.08447391187423994,0.03311377345470206,1091.4559522914888
AG-T2I-packed_T,accuracy,0.7441219768664563,0.09070247906902067,0.03555537179505611,1091.021037054062
AG-T2I-packed_T,balanced_accuracy,0.7125927402314534,0.07568679127768506,0.029669222180852543,1091.021037054062
AG-T2I-packed_T,precision_macro,0.7580403562972075,0.08324325975641571,0.03263135782451496,1091.021037054062
AG-T2I-packed_T,recall_macro,0.7125927402314534,0.07568679127768506,0.029669222180852543,1091.021037054062
AG-T2I-packed_T,f1_macro,0.70683987145562,0.09409605353536492,0.03688565298586305,1091.021037054062
AG-T2I-packed_T,roc_auc,0.8052271203628396,0.08822298887002947,0.034583411637051545,1091.021037054062
AG-T2I-step_sparse,accuracy,0.6362491237294076,0.23101612812908748,0.09242570059071509,1039.290491849184
AG-T2I-step_sparse,balanced_accuracy,0.6681439820308399,0.15166139507131862,0.060677195161885765,1039.290491849184
AG-T2I-step_sparse,precision_macro,0.563241436077926,0.32425435668059704,0.12972876105450717,1039.290491849184
AG-T2I-step_sparse,recall_macro,0.6681439820308399,0.15166139507131862,0.060677195161885765,1039.290491849184
AG-T2I-step_sparse,f1_macro,0.5748240674198645,0.266029528215204,0.10643397810462975,1039.290491849184
AG-T2I-step_sparse,roc_auc,0.7838700797220716,0.1736840009958979,0.06948807255774922,1039.290491849184
AG-T2I-attention_map,accuracy,0.8167280056081317,0.04679064499109527,0.018720156810769835,1062.0961392819881
AG-T2I-attention_map,balanced_accuracy,0.7788327583627401,0.0634082823284639,0.025368596404608458,1062.0961392819881
AG-T2I-attention_map,precision_macro,0.8361432700317103,0.036379239906751126,0.014554727250299774,1062.0961392819881
AG-T2I-attention_map,recall_macro,0.7788327583627401,0.0634082823284639,0.025368596404608458,1062.0961392819881
AG-T2I-attention_map,f1_macro,0.7826267624125517,0.06693868371476508,0.02678105112860499,1062.0961392819881
AG-T2I-attention_map,roc_auc,0.8951253283558444,0.019389504682771928,0.007757417496889052,1062.0961392819881
